file_name,NOSE_x,NOSE_y,NOSE_score,LEFT_EYE_x,LEFT_EYE_y,LEFT_EYE_score,RIGHT_EYE_x,RIGHT_EYE_y,RIGHT_EYE_score,LEFT_EAR_x,LEFT_EAR_y,LEFT_EAR_score,RIGHT_EAR_x,RIGHT_EAR_y,RIGHT_EAR_score,LEFT_SHOULDER_x,LEFT_SHOULDER_y,LEFT_SHOULDER_score,RIGHT_SHOULDER_x,RIGHT_SHOULDER_y,RIGHT_SHOULDER_score,LEFT_ELBOW_x,LEFT_ELBOW_y,LEFT_ELBOW_score,RIGHT_ELBOW_x,RIGHT_ELBOW_y,RIGHT_ELBOW_score,LEFT_WRIST_x,LEFT_WRIST_y,LEFT_WRIST_score,RIGHT_WRIST_x,RIGHT_WRIST_y,RIGHT_WRIST_score,LEFT_HIP_x,LEFT_HIP_y,LEFT_HIP_score,RIGHT_HIP_x,RIGHT_HIP_y,RIGHT_HIP_score,LEFT_KNEE_x,LEFT_KNEE_y,LEFT_KNEE_score,RIGHT_KNEE_x,RIGHT_KNEE_y,RIGHT_KNEE_score,LEFT_ANKLE_x,LEFT_ANKLE_y,LEFT_ANKLE_score,RIGHT_ANKLE_x,RIGHT_ANKLE_y,RIGHT_ANKLE_score,class_no,class_true,class_name,class_score
image_1735391109154_android.graphics.Bitmap@90f3d20.jpeg,189.0,358.0,0.65358555,188.0,353.0,0.68384707,187.0,354.0,0.49032685,197.0,343.0,0.794368,196.0,344.0,0.67667735,214.0,355.0,0.82453233,214.0,355.0,0.8879959,215.0,394.0,0.7654829,215.0,394.0,0.6448264,207.0,426.0,0.6916622,208.0,425.0,0.64884186,254.0,402.0,0.8647057,252.0,401.0,0.7553082,213.0,438.0,0.59571946,215.0,433.0,0.43772754,229.0,482.0,0.49893418,229.0,472.0,0.73047876,0,deadlift_down,rowing_down,0.9901011
image_1735391109364_android.graphics.Bitmap@84ddf7f.jpeg,185.0,380.0,0.67019963,184.0,375.0,0.68255925,184.0,376.0,0.8184958,192.0,365.0,0.7059072,191.0,367.0,0.7335914,209.0,378.0,0.8620561,210.0,376.0,0.85451305,211.0,420.0,0.6403044,212.0,418.0,0.52224195,206.0,455.0,0.83920205,207.0,451.0,0.4933209,259.0,414.0,0.7417189,258.0,412.0,0.7521358,210.0,437.0,0.39179793,208.0,430.0,0.42219067,231.0,491.0,0.81354725,228.0,474.0,0.57009196,0,deadlift_down,deadlift_down,0.9886172
image_1735391109595_android.graphics.Bitmap@73770aa.jpeg,186.0,392.0,0.6755707,183.0,388.0,0.7534357,183.0,388.0,0.6816125,190.0,378.0,0.7985834,189.0,378.0,0.69741654,205.0,389.0,0.6222333,209.0,386.0,0.7467463,210.0,433.0,0.5319018,212.0,428.0,0.63417035,206.0,468.0,0.9272015,211.0,459.0,0.19147128,261.0,420.0,0.86770815,263.0,417.0,0.7709316,210.0,430.0,0.5941221,211.0,428.0,0.5571772,230.0,491.0,0.7267558,231.0,473.0,0.47170156,0,deadlift_down,deadlift_down,0.99956554
image_1735391109826_android.graphics.Bitmap@af5a811.jpeg,186.0,393.0,0.7125203,184.0,389.0,0.6650379,184.0,390.0,0.71748805,191.0,380.0,0.86727464,189.0,380.0,0.77029335,206.0,390.0,0.7945431,209.0,387.0,0.6959285,211.0,434.0,0.55242085,213.0,430.0,0.6613008,207.0,470.0,0.6988697,210.0,462.0,0.29573613,262.0,421.0,0.86438143,264.0,419.0,0.7849629,211.0,430.0,0.5965121,213.0,428.0,0.40149716,231.0,491.0,0.6303845,231.0,473.0,0.44282597,0,deadlift_down,deadlift_down,0.9997506
image_1735391110049_android.graphics.Bitmap@e6d77e4.jpeg,187.0,394.0,0.5666447,185.0,390.0,0.7720413,185.0,390.0,0.67793155,193.0,380.0,0.73147935,191.0,380.0,0.6482763,207.0,391.0,0.562678,211.0,388.0,0.6646328,211.0,435.0,0.49556708,213.0,431.0,0.5393,207.0,469.0,0.8864274,210.0,464.0,0.3203369,263.0,422.0,0.86709785,265.0,419.0,0.76227343,211.0,431.0,0.5319475,212.0,429.0,0.50524044,229.0,491.0,0.707028,232.0,475.0,0.4809359,0,deadlift_down,deadlift_down,0.9997833
image_1735391110273_android.graphics.Bitmap@8c95c13.jpeg,189.0,390.0,0.73533666,187.0,385.0,0.74287874,187.0,386.0,0.7922182,194.0,376.0,0.7924346,193.0,377.0,0.7992185,209.0,388.0,0.80507946,213.0,385.0,0.7624164,213.0,431.0,0.4905041,214.0,427.0,0.6645183,209.0,466.0,0.9057907,212.0,459.0,0.3349661,265.0,420.0,0.6758882,267.0,417.0,0.77599126,213.0,429.0,0.53285223,214.0,427.0,0.4083208,230.0,490.0,0.7387839,232.0,470.0,0.5203434,0,deadlift_down,deadlift_down,0.9998794
image_1735391110508_android.graphics.Bitmap@247354e.jpeg,190.0,358.0,0.5890589,189.0,353.0,0.5905683,189.0,353.0,0.7231406,199.0,347.0,0.8242075,198.0,347.0,0.6008544,214.0,362.0,0.7296552,214.0,360.0,0.8309046,218.0,401.0,0.6802768,218.0,400.0,0.6594653,213.0,433.0,0.70107174,213.0,430.0,0.60027134,260.0,400.0,0.54592264,259.0,399.0,0.67810214,220.0,434.0,0.70251864,219.0,431.0,0.4033318,229.0,480.0,0.7022897,228.0,471.0,0.75401723,0,deadlift_down,rowing_down,0.9921683
image_1735391113356_android.graphics.Bitmap@60b0a61.jpeg,203.0,311.0,0.57673794,202.0,305.0,0.513011,202.0,306.0,0.61127114,212.0,298.0,0.6848528,211.0,299.0,0.65365833,225.0,313.0,0.7844284,223.0,316.0,0.8051424,223.0,347.0,0.54196197,223.0,347.0,0.36825463,214.0,376.0,0.5535698,214.0,374.0,0.5687634,244.0,376.0,0.8292842,242.0,376.0,0.7709253,223.0,430.0,0.79989994,222.0,426.0,0.82630897,234.0,488.0,0.7789269,230.0,471.0,0.75061905,0,deadlift_down,deadlift_up,0.72902703
image_1735391113579_android.graphics.Bitmap@9ceba74.jpeg,193.0,338.0,0.70692074,192.0,332.0,0.733348,192.0,333.0,0.78409404,202.0,325.0,0.69991755,202.0,326.0,0.79595196,217.0,339.0,0.83670866,216.0,340.0,0.88582665,216.0,379.0,0.60073256,216.0,378.0,0.6373464,208.0,405.0,0.64298207,208.0,405.0,0.72632515,253.0,389.0,0.88733625,247.0,389.0,0.74882877,216.0,432.0,0.75351,211.0,424.0,0.70652074,231.0,480.0,0.7134135,228.0,468.0,0.78213465,0,deadlift_down,rowing_down,0.99773633
image_1735391113796_android.graphics.Bitmap@1bf2be3.jpeg,187.0,366.0,0.75453764,186.0,361.0,0.70770794,185.0,362.0,0.6584599,196.0,352.0,0.83195513,194.0,353.0,0.6949794,212.0,364.0,0.7240708,213.0,363.0,0.8741928,213.0,402.0,0.7526716,216.0,402.0,0.5958281,204.0,436.0,0.69139177,206.0,435.0,0.4816726,256.0,406.0,0.6475788,256.0,404.0,0.7037252,214.0,439.0,0.60636663,216.0,435.0,0.593637,231.0,485.0,0.7343506,230.0,475.0,0.7492014,0,deadlift_down,rowing_down,0.9822467
image_1735391114001_android.graphics.Bitmap@53fe35e.jpeg,185.0,387.0,0.70080435,183.0,382.0,0.8575151,183.0,382.0,0.82162666,193.0,372.0,0.8543627,191.0,373.0,0.73086286,209.0,386.0,0.68502176,210.0,383.0,0.8733035,212.0,427.0,0.69839275,212.0,425.0,0.5460292,204.0,462.0,0.7262107,207.0,459.0,0.51128316,257.0,423.0,0.6874094,256.0,421.0,0.6970209,209.0,440.0,0.36079913,206.0,436.0,0.22156255,233.0,491.0,0.8118278,228.0,476.0,0.5649661,0,deadlift_down,deadlift_down,0.99970186
image_1735391114194_android.graphics.Bitmap@d0ef155.jpeg,184.0,392.0,0.8173382,182.0,387.0,0.81943965,182.0,388.0,0.56185246,190.0,378.0,0.853226,189.0,378.0,0.81907356,206.0,390.0,0.7534386,208.0,388.0,0.7393045,209.0,435.0,0.7205719,208.0,430.0,0.507265,201.0,469.0,0.76647574,202.0,464.0,0.41094467,258.0,430.0,0.6967678,256.0,428.0,0.72656524,204.0,435.0,0.49133375,198.0,433.0,0.4606094,233.0,488.0,0.74132574,228.0,478.0,0.4241645,0,deadlift_down,deadlift_down,0.99999934
image_1735391114416_android.graphics.Bitmap@25034f8.jpeg,185.0,394.0,0.78839576,183.0,390.0,0.7588835,183.0,390.0,0.65505606,191.0,380.0,0.8851997,190.0,381.0,0.75260425,206.0,392.0,0.72666156,209.0,389.0,0.67018485,206.0,438.0,0.6321198,207.0,432.0,0.51275676,199.0,472.0,0.61027235,204.0,454.0,0.19217442,257.0,434.0,0.6774447,257.0,431.0,0.68858427,203.0,435.0,0.5234864,203.0,433.0,0.2452845,232.0,488.0,0.72987187,227.0,472.0,0.21939136,0,deadlift_down,deadlift_down,0.9999997
image_1735391114630_android.graphics.Bitmap@db7bb37.jpeg,186.0,395.0,0.57934034,184.0,390.0,0.82154775,184.0,390.0,0.8698328,192.0,380.0,0.8833865,190.0,381.0,0.6605196,207.0,391.0,0.74515975,208.0,388.0,0.66721225,206.0,436.0,0.7729641,207.0,431.0,0.46404538,198.0,473.0,0.7345829,204.0,453.0,0.17534447,257.0,434.0,0.6158366,259.0,431.0,0.7280626,204.0,435.0,0.54322445,203.0,431.0,0.31477517,232.0,489.0,0.680533,227.0,473.0,0.18647715,0,deadlift_down,deadlift_down,0.9999998
image_1735391114818_android.graphics.Bitmap@142e9c2.jpeg,185.0,394.0,0.5302008,184.0,390.0,0.8418871,183.0,390.0,0.84099704,192.0,380.0,0.8612357,191.0,381.0,0.7262389,207.0,392.0,0.74460125,208.0,389.0,0.66109276,206.0,437.0,0.7715066,208.0,431.0,0.44080222,198.0,473.0,0.6585098,204.0,454.0,0.14672332,257.0,434.0,0.59760296,259.0,431.0,0.6966355,204.0,435.0,0.5738578,203.0,431.0,0.25062114,232.0,490.0,0.6806479,227.0,473.0,0.19489926,0,deadlift_down,deadlift_down,0.9999998
image_1735391115023_android.graphics.Bitmap@2b7e609.jpeg,186.0,391.0,0.6567739,185.0,386.0,0.8345113,185.0,386.0,0.797621,194.0,377.0,0.8917889,192.0,378.0,0.6842677,209.0,390.0,0.7843287,210.0,388.0,0.7168168,209.0,436.0,0.54021347,209.0,431.0,0.5299481,202.0,470.0,0.746047,204.0,466.0,0.42563677,258.0,432.0,0.71526,258.0,429.0,0.68356675,205.0,433.0,0.5825311,200.0,431.0,0.38073304,233.0,488.0,0.59103525,227.0,474.0,0.3281416,0,deadlift_down,deadlift_down,0.9999997
image_1735391115232_android.graphics.Bitmap@25d683c.jpeg,187.0,369.0,0.5290005,187.0,364.0,0.75934,186.0,364.0,0.4941955,197.0,356.0,0.8097342,196.0,357.0,0.7813304,212.0,374.0,0.74434745,213.0,372.0,0.88477266,213.0,414.0,0.625004,214.0,412.0,0.54467607,206.0,449.0,0.79461884,208.0,445.0,0.40056652,257.0,414.0,0.69060636,257.0,412.0,0.66463786,210.0,441.0,0.5139315,208.0,431.0,0.606254,233.0,491.0,0.8228102,229.0,475.0,0.53599226,0,deadlift_down,deadlift_down,0.98549724
image_1735391115495_android.graphics.Bitmap@e6ea4b.jpeg,196.0,326.0,0.7387601,197.0,321.0,0.753995,197.0,321.0,0.767028,208.0,317.0,0.81292105,206.0,318.0,0.5222619,218.0,335.0,0.70904565,217.0,336.0,0.8313071,222.0,373.0,0.715682,220.0,373.0,0.61191136,213.0,404.0,0.6353893,213.0,404.0,0.6652439,254.0,388.0,0.7061561,248.0,388.0,0.74740696,219.0,434.0,0.7233639,216.0,427.0,0.6863684,232.0,485.0,0.79601353,227.0,471.0,0.8128681,0,deadlift_down,rowing_down,0.9980749
image_1735391104976_android.graphics.Bitmap@8c9f28c.jpeg,214.0,291.0,0.6960554,218.0,285.0,0.8080596,211.0,288.0,0.65195674,229.0,285.0,0.822171,214.0,290.0,0.69489145,231.0,300.0,0.9018984,227.0,304.0,0.61510766,228.0,330.0,0.6833045,229.0,333.0,0.41923946,200.0,340.0,0.68574905,200.0,343.0,0.45647785,226.0,370.0,0.76462686,223.0,369.0,0.7951735,223.0,430.0,0.75653183,221.0,426.0,0.6525161,233.0,492.0,0.6873437,228.0,471.0,0.6644412,1,deadlift_up,deadlift_up,0.932747
image_1735391105168_android.graphics.Bitmap@a4774db.jpeg,217.0,290.0,0.59143996,221.0,284.0,0.532892,214.0,287.0,0.6884066,232.0,285.0,0.8165364,216.0,288.0,0.4605438,233.0,301.0,0.839275,227.0,304.0,0.5835577,229.0,335.0,0.56047773,227.0,334.0,0.41240153,213.0,361.0,0.66958034,213.0,360.0,0.47897884,226.0,370.0,0.7220392,224.0,371.0,0.74058294,224.0,429.0,0.6546109,223.0,424.0,0.5159,234.0,492.0,0.5689552,229.0,469.0,0.5879254,1,deadlift_up,deadlift_up,0.9998033
image_1735391105365_android.graphics.Bitmap@4499ab6.jpeg,218.0,292.0,0.53162426,221.0,287.0,0.7363056,216.0,288.0,0.5611274,233.0,286.0,0.8174664,221.0,289.0,0.5251105,235.0,303.0,0.59281075,230.0,304.0,0.56801915,230.0,338.0,0.5551002,229.0,339.0,0.5361268,216.0,365.0,0.62159336,216.0,364.0,0.5368557,227.0,370.0,0.7484559,226.0,370.0,0.6213716,224.0,429.0,0.592131,223.0,424.0,0.5835252,234.0,494.0,0.73475695,230.0,471.0,0.6486078,1,deadlift_up,deadlift_up,0.99995035
image_1735391105559_android.graphics.Bitmap@78a328d.jpeg,218.0,293.0,0.6036442,221.0,288.0,0.6141724,217.0,289.0,0.65316606,233.0,286.0,0.81571794,225.0,288.0,0.38454068,238.0,301.0,0.8543788,232.0,305.0,0.60330206,230.0,334.0,0.5138954,229.0,334.0,0.45281914,213.0,362.0,0.6359307,214.0,361.0,0.46211874,228.0,371.0,0.73819315,227.0,371.0,0.69386375,226.0,429.0,0.7271229,225.0,423.0,0.49507385,235.0,493.0,0.51312995,231.0,467.0,0.6043514,1,deadlift_up,deadlift_up,0.99986243
image_1735391105814_android.graphics.Bitmap@7b27190.jpeg,222.0,296.0,0.71803504,223.0,290.0,0.5960714,222.0,291.0,0.7281188,235.0,286.0,0.70321065,231.0,288.0,0.524004,240.0,303.0,0.8119999,237.0,306.0,0.5984969,231.0,334.0,0.5037813,230.0,334.0,0.4228579,212.0,362.0,0.623368,213.0,361.0,0.38217977,228.0,372.0,0.7818686,227.0,372.0,0.7074495,226.0,430.0,0.7097937,224.0,424.0,0.52861524,234.0,492.0,0.62992305,230.0,466.0,0.5553764,1,deadlift_up,deadlift_up,0.99985266
image_1735391106021_android.graphics.Bitmap@6e432af.jpeg,224.0,297.0,0.64498854,226.0,291.0,0.690727,225.0,292.0,0.74267876,238.0,288.0,0.8180237,234.0,289.0,0.41198236,243.0,304.0,0.7848485,240.0,307.0,0.58615637,230.0,336.0,0.4441022,230.0,336.0,0.46827316,212.0,362.0,0.6219184,213.0,361.0,0.4570125,227.0,373.0,0.7440937,227.0,372.0,0.56457293,225.0,431.0,0.73630035,224.0,426.0,0.5872728,233.0,492.0,0.6858958,230.0,469.0,0.48398858,1,deadlift_up,deadlift_up,0.9999022
image_1735391106222_android.graphics.Bitmap@b07819a.jpeg,227.0,296.0,0.699371,228.0,291.0,0.50795424,227.0,291.0,0.5783906,239.0,288.0,0.80090886,237.0,289.0,0.6459067,245.0,303.0,0.67123437,242.0,305.0,0.7644994,232.0,333.0,0.62660074,232.0,334.0,0.5455097,213.0,360.0,0.72458893,215.0,360.0,0.46233267,229.0,371.0,0.8020519,229.0,371.0,0.77064914,226.0,429.0,0.72315705,224.0,424.0,0.6374979,234.0,492.0,0.77826405,230.0,467.0,0.6085509,1,deadlift_up,deadlift_up,0.9998862
image_1735391106425_android.graphics.Bitmap@eb1e1c1.jpeg,226.0,296.0,0.6332538,228.0,291.0,0.5371052,225.0,292.0,0.49693695,239.0,288.0,0.6357664,234.0,290.0,0.091726884,244.0,305.0,0.41194785,241.0,307.0,0.45853123,232.0,334.0,0.32647184,231.0,335.0,0.30871624,213.0,361.0,0.4943212,214.0,360.0,0.31398752,229.0,372.0,0.52619743,230.0,372.0,0.48784247,227.0,431.0,0.48802835,226.0,427.0,0.35775176,234.0,493.0,0.62577856,231.0,473.0,0.30659437,1,deadlift_up,deadlift_up,0.99990124
image_1735391106623_android.graphics.Bitmap@7cf8154.jpeg,225.0,295.0,0.6559513,227.0,290.0,0.5743299,226.0,290.0,0.642143,238.0,287.0,0.7933239,235.0,288.0,0.39345354,244.0,304.0,0.73278654,240.0,306.0,0.5337573,231.0,333.0,0.49729824,231.0,335.0,0.39235798,213.0,361.0,0.6456922,214.0,360.0,0.44786584,228.0,372.0,0.72199464,228.0,371.0,0.51518476,225.0,430.0,0.66747004,225.0,425.0,0.4917655,234.0,492.0,0.586352,229.0,465.0,0.5367752,1,deadlift_up,deadlift_up,0.99987847
image_1735391106846_android.graphics.Bitmap@5b84843.jpeg,224.0,297.0,0.6014905,226.0,291.0,0.8129977,224.0,292.0,0.7080087,237.0,287.0,0.7676939,234.0,289.0,0.599769,242.0,303.0,0.82923526,240.0,306.0,0.59553814,231.0,332.0,0.5064868,231.0,334.0,0.41771248,213.0,361.0,0.6787416,214.0,360.0,0.46265113,228.0,371.0,0.78416634,228.0,370.0,0.56918377,224.0,429.0,0.71497154,223.0,424.0,0.5854081,234.0,492.0,0.67581135,229.0,467.0,0.66634536,1,deadlift_up,deadlift_up,0.9998842
image_1735391107055_android.graphics.Bitmap@17733e.jpeg,222.0,295.0,0.66109586,224.0,290.0,0.6666143,222.0,291.0,0.72148514,235.0,286.0,0.76786554,231.0,289.0,0.46881008,241.0,301.0,0.75643253,236.0,306.0,0.6096014,232.0,331.0,0.5118443,231.0,332.0,0.35661298,214.0,361.0,0.7086396,216.0,360.0,0.47941682,230.0,371.0,0.7614667,229.0,372.0,0.6927812,223.0,429.0,0.6819562,224.0,424.0,0.39584228,234.0,494.0,0.65611935,230.0,468.0,0.58445776,1,deadlift_up,deadlift_up,0.9997914
image_1735391107286_android.graphics.Bitmap@5802ab5.jpeg,218.0,297.0,0.6527914,218.0,291.0,0.67628396,217.0,292.0,0.6257658,230.0,287.0,0.75676036,227.0,288.0,0.5680144,238.0,302.0,0.7939921,235.0,304.0,0.78559095,231.0,333.0,0.5328517,230.0,334.0,0.40966547,216.0,362.0,0.67577386,218.0,361.0,0.52889407,233.0,372.0,0.78448546,232.0,373.0,0.7751165,227.0,429.0,0.78503025,224.0,423.0,0.6456957,235.0,491.0,0.7079218,231.0,472.0,0.41402072,1,deadlift_up,deadlift_up,0.99951524
image_1735391107506_android.graphics.Bitmap@46045d8.jpeg,217.0,298.0,0.50580513,217.0,291.0,0.51741064,216.0,292.0,0.65789175,228.0,286.0,0.75565207,225.0,288.0,0.5587676,237.0,301.0,0.75058025,234.0,304.0,0.52800703,231.0,334.0,0.62044895,231.0,334.0,0.38254717,216.0,362.0,0.6203244,217.0,361.0,0.5523174,230.0,372.0,0.7882234,230.0,373.0,0.7005265,223.0,428.0,0.6317311,223.0,424.0,0.41544354,234.0,492.0,0.7184396,230.0,470.0,0.47679055,1,deadlift_up,deadlift_up,0.99960333
image_1735391107703_android.graphics.Bitmap@cd82997.jpeg,219.0,298.0,0.53331494,221.0,292.0,0.6048214,219.0,293.0,0.4591886,232.0,287.0,0.75208503,228.0,289.0,0.57048476,238.0,302.0,0.82335293,235.0,305.0,0.7637148,231.0,334.0,0.6527529,230.0,334.0,0.5314976,214.0,362.0,0.69458425,216.0,361.0,0.43588638,228.0,373.0,0.79510427,228.0,373.0,0.6971482,227.0,430.0,0.73952377,225.0,425.0,0.46733487,234.0,493.0,0.7585272,230.0,473.0,0.6090412,1,deadlift_up,deadlift_up,0.9998169
image_1735391107897_android.graphics.Bitmap@91f73a2.jpeg,222.0,298.0,0.5542636,223.0,293.0,0.50987446,222.0,293.0,0.5304323,233.0,288.0,0.78012514,230.0,289.0,0.41751218,240.0,304.0,0.55832636,237.0,306.0,0.6047355,230.0,338.0,0.46057656,229.0,339.0,0.516169,214.0,363.0,0.70095885,215.0,363.0,0.43725586,228.0,373.0,0.80693084,227.0,372.0,0.6254873,225.0,429.0,0.70371974,224.0,425.0,0.68534946,234.0,493.0,0.75248885,231.0,469.0,0.5554576,1,deadlift_up,deadlift_up,0.9998586
image_1735391108090_android.graphics.Bitmap@945e169.jpeg,222.0,298.0,0.6539856,224.0,292.0,0.654863,222.0,293.0,0.69879174,235.0,287.0,0.8043021,231.0,289.0,0.55102265,241.0,303.0,0.74248236,237.0,306.0,0.57143253,231.0,334.0,0.5431657,231.0,334.0,0.4008974,215.0,363.0,0.5206656,216.0,362.0,0.4892232,229.0,372.0,0.7662883,228.0,372.0,0.6552243,226.0,428.0,0.6767082,225.0,425.0,0.5940034,234.0,490.0,0.6818634,229.0,469.0,0.57339764,1,deadlift_up,deadlift_up,0.99974144
image_1735391108298_android.graphics.Bitmap@73aa31c.jpeg,221.0,298.0,0.59446734,223.0,292.0,0.728184,221.0,293.0,0.59159064,234.0,287.0,0.70419663,230.0,290.0,0.53636366,240.0,303.0,0.7790012,236.0,306.0,0.5357377,231.0,335.0,0.5531479,231.0,335.0,0.39728403,215.0,363.0,0.48583,216.0,362.0,0.507925,229.0,373.0,0.77848244,228.0,372.0,0.5286065,226.0,429.0,0.6640456,225.0,426.0,0.6423279,234.0,491.0,0.7154076,231.0,469.0,0.4225297,1,deadlift_up,deadlift_up,0.999709
image_1735391108505_android.graphics.Bitmap@7ee0aab.jpeg,218.0,298.0,0.5721623,218.0,292.0,0.5365337,217.0,293.0,0.65335417,229.0,287.0,0.76504767,226.0,288.0,0.57164466,238.0,303.0,0.80634123,235.0,306.0,0.5708709,231.0,335.0,0.5232085,229.0,336.0,0.51169765,216.0,363.0,0.71532786,217.0,362.0,0.5820538,232.0,374.0,0.8117497,231.0,374.0,0.709029,225.0,429.0,0.6523248,225.0,425.0,0.5299582,236.0,493.0,0.6463615,232.0,469.0,0.52872455,1,deadlift_up,deadlift_up,0.9992465
image_1735391108697_android.graphics.Bitmap@7a646c6.jpeg,209.0,303.0,0.64044034,208.0,297.0,0.7219695,207.0,298.0,0.6974596,219.0,290.0,0.7007096,216.0,292.0,0.6326642,229.0,305.0,0.7878378,228.0,307.0,0.8113617,226.0,340.0,0.5578145,227.0,341.0,0.53744054,216.0,367.0,0.67677313,217.0,366.0,0.40930024,238.0,374.0,0.8188648,238.0,373.0,0.7052851,223.0,428.0,0.70072806,223.0,423.0,0.55896574,234.0,492.0,0.57970226,231.0,467.0,0.5569334,1,deadlift_up,deadlift_up,0.9955271
image_1735391108909_android.graphics.Bitmap@a3b99dd.jpeg,198.0,323.0,0.52384,197.0,317.0,0.7508066,197.0,318.0,0.777014,206.0,308.0,0.77946734,204.0,309.0,0.53126085,220.0,323.0,0.8586689,218.0,324.0,0.799472,220.0,361.0,0.59761846,219.0,359.0,0.5036347,211.0,388.0,0.7747283,212.0,386.0,0.46407092,246.0,380.0,0.76316273,244.0,380.0,0.8170822,218.0,431.0,0.80731857,219.0,427.0,0.54151297,232.0,482.0,0.70220035,230.0,469.0,0.86737335,1,deadlift_up,rowing_down,0.8134996
image_1735391110731_android.graphics.Bitmap@5982005.jpeg,202.0,316.0,0.55147636,203.0,310.0,0.6406312,202.0,310.0,0.67904186,215.0,306.0,0.704468,213.0,306.0,0.64497817,224.0,323.0,0.7780248,222.0,324.0,0.7438587,226.0,360.0,0.6390644,224.0,359.0,0.5146179,216.0,390.0,0.78083944,217.0,389.0,0.5194215,250.0,381.0,0.80229247,247.0,382.0,0.7348762,222.0,432.0,0.7851402,218.0,424.0,0.72011375,232.0,484.0,0.73738194,228.0,469.0,0.70608604,1,deadlift_up,rowing_down,0.9315994
image_1735391110944_android.graphics.Bitmap@5877768.jpeg,218.0,296.0,0.702499,220.0,291.0,0.599857,217.0,292.0,0.63876855,232.0,286.0,0.5700489,226.0,288.0,0.57027525,241.0,304.0,0.7978599,237.0,306.0,0.52541643,234.0,337.0,0.4476658,233.0,338.0,0.4191837,219.0,363.0,0.66199,221.0,362.0,0.49318224,239.0,373.0,0.82962584,237.0,373.0,0.70555425,227.0,428.0,0.6005469,225.0,421.0,0.63272727,234.0,491.0,0.67000985,230.0,472.0,0.46464053,1,deadlift_up,deadlift_up,0.99927473
image_1735391111140_android.graphics.Bitmap@943f467.jpeg,228.0,296.0,0.6592441,230.0,291.0,0.6300488,228.0,291.0,0.6545342,241.0,287.0,0.70892704,238.0,288.0,0.6025374,247.0,304.0,0.8227391,242.0,307.0,0.5882586,237.0,335.0,0.6059663,235.0,336.0,0.46772632,219.0,361.0,0.64683175,219.0,361.0,0.49858212,232.0,371.0,0.785344,231.0,371.0,0.6903186,230.0,428.0,0.7319535,228.0,423.0,0.63346004,234.0,491.0,0.7732182,232.0,466.0,0.35864562,1,deadlift_up,deadlift_up,0.9998817
image_1735391111381_android.graphics.Bitmap@1d698b2.jpeg,232.0,297.0,0.66723824,234.0,292.0,0.6775038,232.0,292.0,0.6376724,246.0,290.0,0.70582587,241.0,291.0,0.62425756,250.0,306.0,0.7648851,244.0,308.0,0.5280569,237.0,339.0,0.54115474,236.0,338.0,0.48043895,218.0,362.0,0.68270147,219.0,361.0,0.54397154,231.0,372.0,0.82037634,229.0,372.0,0.5719805,228.0,429.0,0.74300617,226.0,424.0,0.6866033,234.0,492.0,0.7663066,231.0,469.0,0.47924402,1,deadlift_up,deadlift_up,0.99987483
image_1735391111618_android.graphics.Bitmap@acad5b9.jpeg,232.0,297.0,0.73644817,234.0,292.0,0.5153903,232.0,292.0,0.670177,246.0,289.0,0.7376395,242.0,290.0,0.60123765,251.0,305.0,0.8078055,244.0,308.0,0.5707058,236.0,338.0,0.5708474,234.0,338.0,0.49536753,218.0,361.0,0.68435425,218.0,361.0,0.43996808,231.0,372.0,0.8189477,229.0,372.0,0.68150496,229.0,429.0,0.7236,226.0,424.0,0.6085526,233.0,491.0,0.7722304,231.0,466.0,0.5396797,1,deadlift_up,deadlift_up,0.99986863
image_1735391111848_android.graphics.Bitmap@8b61fac.jpeg,233.0,296.0,0.7271075,235.0,291.0,0.48611113,233.0,292.0,0.66395223,247.0,290.0,0.73305523,242.0,290.0,0.5586964,250.0,305.0,0.58402616,245.0,308.0,0.5940418,237.0,337.0,0.55983865,237.0,337.0,0.48992825,218.0,361.0,0.71410275,219.0,361.0,0.4661376,231.0,372.0,0.8283267,230.0,372.0,0.60805815,228.0,429.0,0.7354381,226.0,424.0,0.6853802,234.0,491.0,0.756345,231.0,468.0,0.5152075,1,deadlift_up,deadlift_up,0.999805
image_1735391112057_android.graphics.Bitmap@606dc7b.jpeg,233.0,296.0,0.55198455,235.0,291.0,0.57488346,232.0,292.0,0.47933578,247.0,289.0,0.50733256,239.0,291.0,0.18840899,250.0,306.0,0.5154044,243.0,309.0,0.44116104,237.0,338.0,0.25298682,235.0,338.0,0.25446123,218.0,360.0,0.44632244,217.0,360.0,0.3341354,232.0,373.0,0.54758275,229.0,373.0,0.528506,229.0,431.0,0.5238327,227.0,425.0,0.37447822,234.0,491.0,0.5848429,230.0,472.0,0.3060074,1,deadlift_up,deadlift_up,0.9997926
image_1735391112273_android.graphics.Bitmap@bd75ed6.jpeg,233.0,297.0,0.7237538,235.0,292.0,0.48192525,233.0,292.0,0.6928053,247.0,289.0,0.6671569,242.0,290.0,0.5477476,251.0,306.0,0.81115615,245.0,308.0,0.5753325,236.0,337.0,0.54730266,236.0,337.0,0.42684484,217.0,361.0,0.72623765,218.0,361.0,0.45261392,231.0,372.0,0.8237303,230.0,371.0,0.53542924,228.0,429.0,0.72805095,226.0,423.0,0.5956152,234.0,491.0,0.76052,231.0,466.0,0.53199744,1,deadlift_up,deadlift_up,0.9998498
image_1735391112490_android.graphics.Bitmap@e6d5d2d.jpeg,231.0,298.0,0.6764771,233.0,293.0,0.6944668,232.0,293.0,0.77164507,244.0,289.0,0.82561016,241.0,290.0,0.5863343,249.0,305.0,0.8409428,244.0,307.0,0.5430147,235.0,336.0,0.5539199,235.0,336.0,0.40308723,217.0,361.0,0.7140709,217.0,360.0,0.30960307,230.0,372.0,0.8165383,229.0,372.0,0.58231837,227.0,429.0,0.7227063,225.0,424.0,0.65197396,233.0,490.0,0.7239748,230.0,467.0,0.46659228,1,deadlift_up,deadlift_up,0.99978566
image_1735391112701_android.graphics.Bitmap@9bd14b0.jpeg,230.0,298.0,0.6557039,232.0,292.0,0.7385866,230.0,293.0,0.7095512,243.0,289.0,0.84939045,240.0,290.0,0.5766865,247.0,305.0,0.86914724,243.0,308.0,0.6223122,234.0,337.0,0.55990505,233.0,337.0,0.4311671,216.0,362.0,0.6313792,216.0,362.0,0.38738495,230.0,373.0,0.80871886,228.0,372.0,0.6095221,228.0,430.0,0.7543286,226.0,425.0,0.5673716,234.0,491.0,0.6277573,230.0,469.0,0.56006396,1,deadlift_up,deadlift_up,0.99987626
image_1735391112943_android.graphics.Bitmap@ed5084f.jpeg,226.0,297.0,0.69637597,228.0,292.0,0.7234596,226.0,292.0,0.7592852,239.0,288.0,0.83461595,236.0,290.0,0.645872,245.0,304.0,0.7813349,242.0,307.0,0.6163002,232.0,334.0,0.5656371,232.0,335.0,0.42864573,215.0,362.0,0.73982835,217.0,361.0,0.47363096,229.0,372.0,0.81543183,229.0,371.0,0.59419316,228.0,430.0,0.7427107,226.0,425.0,0.4623141,234.0,491.0,0.7503369,231.0,469.0,0.48680294,1,deadlift_up,deadlift_up,0.9998636
image_1735391113179_android.graphics.Bitmap@4500bba.jpeg,216.0,297.0,0.6768563,217.0,293.0,0.69513446,215.0,293.0,0.72631705,228.0,288.0,0.6959931,224.0,290.0,0.44128478,237.0,304.0,0.790505,232.0,307.0,0.53229684,228.0,338.0,0.494564,227.0,338.0,0.33346486,216.0,362.0,0.63994205,215.0,362.0,0.44564918,235.0,374.0,0.66170096,233.0,374.0,0.6106857,226.0,428.0,0.4920183,225.0,421.0,0.5240166,234.0,490.0,0.47064692,229.0,472.0,0.33435956,1,deadlift_up,deadlift_up,0.9991911
image_1735391115718_android.graphics.Bitmap@4f5e2e6.jpeg,211.0,300.0,0.5995521,213.0,294.0,0.830673,211.0,295.0,0.5935154,225.0,292.0,0.6121403,220.0,292.0,0.45046914,232.0,309.0,0.7242584,229.0,311.0,0.7423334,229.0,348.0,0.55497855,228.0,348.0,0.463614,217.0,372.0,0.5495381,217.0,371.0,0.30996615,242.0,376.0,0.7740637,239.0,376.0,0.76105016,225.0,428.0,0.5094453,224.0,422.0,0.5680938,236.0,493.0,0.69830346,231.0,473.0,0.5186379,1,deadlift_up,deadlift_up,0.9943909
image_1735391115937_android.graphics.Bitmap@5cc7c7d.jpeg,225.0,294.0,0.70781755,228.0,288.0,0.81219035,224.0,290.0,0.62264466,239.0,287.0,0.59888387,232.0,289.0,0.5992329,245.0,302.0,0.8337559,236.0,307.0,0.6188513,236.0,334.0,0.52409446,234.0,336.0,0.47485477,217.0,360.0,0.7231344,219.0,359.0,0.42645398,233.0,371.0,0.7924356,230.0,372.0,0.7715237,232.0,429.0,0.62127745,228.0,424.0,0.62846637,237.0,493.0,0.69760793,231.0,470.0,0.45426103,1,deadlift_up,deadlift_up,0.9998274
image_1735391116128_android.graphics.Bitmap@50cf840.jpeg,229.0,295.0,0.6824702,232.0,290.0,0.8230487,229.0,291.0,0.5929291,244.0,289.0,0.82867646,237.0,290.0,0.52434826,248.0,305.0,0.883372,238.0,308.0,0.5679164,236.0,337.0,0.5780016,233.0,338.0,0.5566751,216.0,361.0,0.67631704,217.0,361.0,0.4628607,230.0,372.0,0.8039652,227.0,372.0,0.7752586,230.0,429.0,0.59221363,227.0,424.0,0.6396499,236.0,493.0,0.73893356,231.0,472.0,0.6219988,1,deadlift_up,deadlift_up,0.9999439
image_1735391116364_android.graphics.Bitmap@6bead1f.jpeg,229.0,296.0,0.73490334,232.0,291.0,0.6888437,228.0,292.0,0.6358769,244.0,290.0,0.7865939,235.0,291.0,0.526692,248.0,306.0,0.6988542,240.0,309.0,0.5807838,234.0,338.0,0.43782723,232.0,339.0,0.4814936,215.0,361.0,0.7056235,215.0,361.0,0.5168639,229.0,373.0,0.803272,226.0,373.0,0.62030935,230.0,431.0,0.69272363,227.0,425.0,0.6169767,236.0,492.0,0.67297614,231.0,469.0,0.4651492,1,deadlift_up,deadlift_up,0.99992496
image_1735391116583_android.graphics.Bitmap@b1a52ca.jpeg,228.0,296.0,0.7148211,231.0,290.0,0.76420873,227.0,291.0,0.71523386,243.0,290.0,0.72990316,234.0,290.0,0.53615904,247.0,305.0,0.6459044,235.0,310.0,0.5850811,233.0,339.0,0.55178,230.0,338.0,0.4956401,214.0,361.0,0.6798233,214.0,361.0,0.499141,228.0,372.0,0.8256241,224.0,373.0,0.7813685,229.0,431.0,0.7029586,226.0,425.0,0.60675406,237.0,491.0,0.500368,231.0,469.0,0.56584764,1,deadlift_up,deadlift_up,0.99993044
image_1735391116804_android.graphics.Bitmap@20f08b1.jpeg,227.0,294.0,0.6663803,231.0,289.0,0.70625496,226.0,290.0,0.7483672,242.0,289.0,0.8308475,231.0,290.0,0.57431877,245.0,305.0,0.8818648,236.0,309.0,0.5670715,233.0,338.0,0.5792926,231.0,339.0,0.4935516,216.0,361.0,0.64208376,215.0,361.0,0.46112955,229.0,372.0,0.8223695,225.0,373.0,0.77849174,230.0,432.0,0.7067351,227.0,426.0,0.5691688,237.0,492.0,0.4718297,231.0,470.0,0.50889814,1,deadlift_up,deadlift_up,0.99991304
image_1735391117019_android.graphics.Bitmap@4744904.jpeg,227.0,290.0,0.690755,231.0,285.0,0.63434076,224.0,287.0,0.7012714,241.0,285.0,0.82482404,226.0,289.0,0.547128,243.0,301.0,0.88197744,237.0,305.0,0.64359117,233.0,332.0,0.5890022,232.0,333.0,0.52209383,216.0,361.0,0.69776285,217.0,360.0,0.44717333,231.0,371.0,0.7821667,230.0,372.0,0.7620917,230.0,429.0,0.73398703,228.0,423.0,0.5932585,236.0,493.0,0.6112809,231.0,470.0,0.3951283,1,deadlift_up,deadlift_up,0.99966383
image_1735391117274_android.graphics.Bitmap@9ceb7b3.jpeg,219.0,290.0,0.72467166,222.0,285.0,0.70576596,216.0,287.0,0.6663549,234.0,284.0,0.754217,218.0,288.0,0.5125544,237.0,301.0,0.9079374,232.0,304.0,0.6633744,229.0,340.0,0.60517824,228.0,341.0,0.5622092,214.0,364.0,0.7206477,215.0,364.0,0.41329426,240.0,372.0,0.87489694,238.0,372.0,0.8279735,235.0,433.0,0.8086987,231.0,426.0,0.6384709,236.0,496.0,0.70786756,232.0,470.0,0.5130713,1,deadlift_up,deadlift_up,0.9994871
image_1735391117558_android.graphics.Bitmap@77a7d6e.jpeg,217.0,299.0,0.6860396,220.0,293.0,0.8503488,214.0,296.0,0.4613738,231.0,291.0,0.61938775,217.0,297.0,0.7229925,236.0,306.0,0.86850107,233.0,309.0,0.676608,231.0,342.0,0.68845546,231.0,343.0,0.43030545,220.0,368.0,0.7327814,221.0,367.0,0.37321657,250.0,371.0,0.8229253,249.0,371.0,0.8157464,244.0,429.0,0.72441846,242.0,423.0,0.748235,235.0,491.0,0.7912575,259.0,468.0,0.70964855,1,deadlift_up,deadlift_up,0.9981796
image_1735391132530_android.graphics.Bitmap@dd91312.jpeg,182.0,458.0,0.24362198,178.0,455.0,0.2015097,184.0,454.0,0.21736746,187.0,444.0,0.21043594,190.0,447.0,0.19052441,190.0,438.0,0.3218243,203.0,440.0,0.30834728,192.0,451.0,0.38892645,204.0,453.0,0.20322254,191.0,455.0,0.23165013,213.0,460.0,0.14860116,214.0,460.0,0.23533373,216.0,456.0,0.26626822,185.0,458.0,0.24566868,197.0,457.0,0.36695766,188.0,484.0,0.15051173,195.0,482.0,0.26972222,2,pushup_down,squat_down,0.7680326
image_1735391132735_android.graphics.Bitmap@b49db99.jpeg,161.0,479.0,0.6278306,156.0,477.0,0.6875444,156.0,476.0,0.69447124,156.0,466.0,0.62490714,156.0,465.0,0.62104774,170.0,454.0,0.5286083,183.0,438.0,0.33269152,201.0,463.0,0.8216028,211.0,427.0,0.6470046,189.0,496.0,0.6651622,210.0,454.0,0.28204876,247.0,453.0,0.60840595,251.0,444.0,0.6664524,283.0,464.0,0.4048819,281.0,449.0,0.25194162,304.0,465.0,0.13759995,293.0,457.0,0.15482979,2,pushup_down,pushup_down,0.9991002
image_1735391132932_android.graphics.Bitmap@935c70c.jpeg,162.0,479.0,0.62353677,157.0,477.0,0.46723557,157.0,476.0,0.6337204,157.0,466.0,0.57321745,157.0,465.0,0.5689374,169.0,453.0,0.57722986,180.0,440.0,0.4474925,199.0,464.0,0.80869544,211.0,427.0,0.6144844,189.0,497.0,0.60745615,208.0,456.0,0.23987742,249.0,453.0,0.5510834,256.0,445.0,0.5089468,281.0,461.0,0.36224684,282.0,448.0,0.23631278,304.0,464.0,0.11524332,294.0,456.0,0.16179396,2,pushup_down,pushup_down,0.99364436
image_1735391133143_android.graphics.Bitmap@912b35b.jpeg,162.0,480.0,0.5997525,158.0,478.0,0.6832969,158.0,478.0,0.67332375,158.0,468.0,0.5543796,155.0,467.0,0.47361252,170.0,455.0,0.53379345,177.0,441.0,0.4957296,200.0,463.0,0.75181675,211.0,427.0,0.56210077,190.0,496.0,0.6298965,205.0,455.0,0.3322176,249.0,455.0,0.50517875,253.0,445.0,0.6418178,283.0,466.0,0.2661371,279.0,447.0,0.24786603,303.0,461.0,0.09215669,292.0,454.0,0.118984126,2,pushup_down,pushup_down,0.99155515
image_1735391133353_android.graphics.Bitmap@62cb36.jpeg,162.0,481.0,0.5575577,158.0,479.0,0.7130548,157.0,479.0,0.68582094,157.0,468.0,0.5595761,157.0,468.0,0.46704862,168.0,456.0,0.5994303,180.0,442.0,0.4440169,201.0,462.0,0.7412442,212.0,431.0,0.46386966,190.0,496.0,0.62798953,207.0,458.0,0.28700715,245.0,454.0,0.6503358,250.0,445.0,0.5523422,281.0,465.0,0.376196,284.0,450.0,0.33056065,302.0,461.0,0.08549005,292.0,456.0,0.15447094,2,pushup_down,pushup_down,0.9991506
image_1735391133571_android.graphics.Bitmap@3777d0d.jpeg,162.0,470.0,0.3805075,158.0,467.0,0.6130116,157.0,467.0,0.5103096,160.0,457.0,0.6482913,159.0,455.0,0.48387152,173.0,448.0,0.5337092,183.0,430.0,0.44257537,202.0,464.0,0.776474,211.0,424.0,0.5790655,191.0,497.0,0.5852376,212.0,449.0,0.17872731,253.0,451.0,0.59473133,257.0,443.0,0.60846335,288.0,468.0,0.34960946,282.0,450.0,0.16650456,314.0,467.0,0.1142099,303.0,460.0,0.111676216,2,pushup_down,pushup_down,0.99962693
image_1735391135494_android.graphics.Bitmap@a7d2258.jpeg,164.0,479.0,0.6541238,160.0,477.0,0.7717266,159.0,477.0,0.7006858,159.0,467.0,0.60862684,158.0,464.0,0.61639464,171.0,457.0,0.5858043,184.0,439.0,0.436176,201.0,465.0,0.49141097,209.0,429.0,0.5544698,189.0,498.0,0.5828544,202.0,458.0,0.38636583,252.0,454.0,0.571791,254.0,443.0,0.7298276,284.0,473.0,0.2069236,281.0,447.0,0.18973862,304.0,469.0,0.09595391,295.0,458.0,0.11884449,2,pushup_down,pushup_down,0.84165025
image_1735391135715_android.graphics.Bitmap@bae1017.jpeg,163.0,480.0,0.5532622,159.0,478.0,0.7272306,158.0,479.0,0.7120274,158.0,467.0,0.6369146,157.0,467.0,0.40227324,172.0,455.0,0.6165631,182.0,441.0,0.5086075,200.0,465.0,0.72258955,210.0,429.0,0.55992585,188.0,497.0,0.5122745,207.0,457.0,0.18744285,250.0,454.0,0.6228229,257.0,446.0,0.55615866,280.0,467.0,0.2585494,282.0,449.0,0.2731429,300.0,462.0,0.11662338,288.0,454.0,0.17169525,2,pushup_down,pushup_down,0.8994611
image_1735391135935_android.graphics.Bitmap@8216c22.jpeg,163.0,480.0,0.669261,160.0,478.0,0.665097,159.0,477.0,0.6868605,161.0,468.0,0.72393924,159.0,467.0,0.5001142,172.0,458.0,0.5171298,183.0,441.0,0.37897065,200.0,464.0,0.73449165,211.0,429.0,0.70450056,189.0,497.0,0.59456587,209.0,455.0,0.29355237,251.0,453.0,0.5796684,255.0,444.0,0.6311593,283.0,465.0,0.3315206,281.0,448.0,0.22656283,308.0,461.0,0.09608778,290.0,451.0,0.10338318,2,pushup_down,pushup_down,0.9790119
image_1735391136136_android.graphics.Bitmap@ea893e9.jpeg,164.0,479.0,0.5329615,159.0,478.0,0.7523035,158.0,477.0,0.6328346,160.0,467.0,0.59836555,158.0,466.0,0.518858,171.0,455.0,0.67816705,182.0,441.0,0.4630275,200.0,465.0,0.6349114,209.0,429.0,0.42249712,189.0,496.0,0.7085246,205.0,458.0,0.27610096,252.0,455.0,0.5679079,258.0,445.0,0.478749,281.0,470.0,0.20092082,279.0,447.0,0.20239672,297.0,467.0,0.14107467,288.0,455.0,0.18072876,2,pushup_down,squat_down,0.6329961
image_1735391136330_android.graphics.Bitmap@998d79c.jpeg,164.0,480.0,0.43495876,159.0,478.0,0.6368102,159.0,478.0,0.5414357,162.0,468.0,0.45912698,159.0,467.0,0.36370125,173.0,453.0,0.7296808,183.0,442.0,0.32517254,201.0,464.0,0.6405456,210.0,429.0,0.51568633,189.0,496.0,0.6709261,204.0,458.0,0.25721037,253.0,457.0,0.47965643,257.0,446.0,0.49810904,281.0,466.0,0.23389861,282.0,447.0,0.16558833,300.0,463.0,0.091453075,290.0,457.0,0.13193995,2,pushup_down,pushup_down,0.8762279
image_1735391136532_android.graphics.Bitmap@597292b.jpeg,163.0,481.0,0.61535394,159.0,479.0,0.53497005,158.0,479.0,0.5747528,159.0,468.0,0.7003286,158.0,467.0,0.53299487,171.0,456.0,0.72848284,182.0,441.0,0.5040483,200.0,465.0,0.68035805,212.0,431.0,0.5703403,190.0,497.0,0.55344826,208.0,455.0,0.32594648,249.0,457.0,0.6516581,253.0,446.0,0.7175602,279.0,461.0,0.37389636,278.0,446.0,0.26758626,306.0,467.0,0.06837755,292.0,458.0,0.10826405,2,pushup_down,pushup_down,0.9938605
image_1735391130412_android.graphics.Bitmap@f34fe80.jpeg,191.0,426.0,0.6834552,186.0,424.0,0.7755358,187.0,424.0,0.7728556,186.0,414.0,0.6658371,187.0,414.0,0.7936461,201.0,414.0,0.7638182,204.0,408.0,0.6615213,199.0,455.0,0.8379978,206.0,443.0,0.5539007,190.0,492.0,0.7822194,199.0,464.0,0.5357894,262.0,392.0,0.86520255,256.0,392.0,0.6009728,276.0,440.0,0.51130044,239.0,429.0,0.6574148,283.0,484.0,0.18346864,256.0,473.0,0.83530194,3,pushup_up,rowing_down,0.99999994
image_1735391130654_android.graphics.Bitmap@6e2185f.jpeg,184.0,429.0,0.66536,179.0,425.0,0.58734906,179.0,425.0,0.5789927,179.0,416.0,0.6838572,178.0,414.0,0.5734652,196.0,414.0,0.7313305,201.0,405.0,0.7413234,196.0,457.0,0.8193054,211.0,437.0,0.38855934,191.0,494.0,0.8360565,203.0,462.0,0.38591146,258.0,403.0,0.62985027,262.0,399.0,0.67570686,270.0,447.0,0.29810107,244.0,430.0,0.17559056,274.0,463.0,0.20430654,270.0,461.0,0.37803763,3,pushup_up,rowing_down,0.9999837
image_1735391131705_android.graphics.Bitmap@4ac1dae.jpeg,173.0,424.0,0.7123097,169.0,419.0,0.7665882,169.0,419.0,0.7276646,171.0,409.0,0.5034827,171.0,409.0,0.59037185,191.0,409.0,0.7622305,196.0,403.0,0.7165056,194.0,453.0,0.730891,199.0,446.0,0.56484526,191.0,493.0,0.6684964,195.0,484.0,0.31465903,264.0,427.0,0.7964471,266.0,422.0,0.6733078,294.0,482.0,0.11650427,283.0,452.0,0.06920494,283.0,443.0,0.08212084,278.0,441.0,0.06725876,3,pushup_up,pushup_up,0.99465376
image_1735391137217_android.graphics.Bitmap@c6f49a0.jpeg,179.0,426.0,0.54287326,173.0,424.0,0.7348817,173.0,423.0,0.70918584,172.0,412.0,0.51693654,172.0,412.0,0.53733414,193.0,408.0,0.77207935,198.0,404.0,0.69801044,194.0,453.0,0.7077236,199.0,445.0,0.5923948,190.0,493.0,0.57129073,194.0,476.0,0.31276068,263.0,424.0,0.862854,264.0,420.0,0.70403945,289.0,485.0,0.17135139,295.0,479.0,0.10106579,279.0,454.0,0.07796333,265.0,462.0,0.06492697,3,pushup_up,pushup_up,0.9571657
image_1735391137862_android.graphics.Bitmap@c91ca91.jpeg,195.0,432.0,0.67674875,191.0,431.0,0.58087623,191.0,431.0,0.524527,186.0,421.0,0.71996456,186.0,420.0,0.70414996,200.0,417.0,0.6276573,202.0,411.0,0.7474613,199.0,459.0,0.6256926,204.0,441.0,0.62569577,192.0,493.0,0.62829655,198.0,464.0,0.5323962,261.0,395.0,0.7879914,263.0,392.0,0.78132015,259.0,443.0,0.29567078,249.0,435.0,0.29322052,278.0,453.0,0.15504687,281.0,451.0,0.17478995,3,pushup_up,rowing_down,0.99999386
image_1735391138084_android.graphics.Bitmap@3a7dc64.jpeg,202.0,429.0,0.48306003,198.0,429.0,0.74349463,197.0,429.0,0.7918472,194.0,420.0,0.75562435,193.0,420.0,0.7477479,207.0,415.0,0.8612902,210.0,407.0,0.75279886,204.0,458.0,0.76359546,211.0,441.0,0.5760412,191.0,496.0,0.62174404,202.0,465.0,0.6227365,270.0,396.0,0.698304,269.0,391.0,0.5129329,311.0,434.0,0.3896128,233.0,423.0,0.57656157,258.0,470.0,0.25134164,257.0,469.0,0.7062366,3,pushup_up,rowing_down,0.9999997
image_1735391117817_android.graphics.Bitmap@3719ea5.jpeg,217.0,312.0,0.6681701,218.0,306.0,0.81758857,214.0,308.0,0.784696,228.0,301.0,0.8431541,219.0,304.0,0.58060193,237.0,312.0,0.77796143,235.0,316.0,0.5933167,236.0,345.0,0.5998285,237.0,347.0,0.52311146,225.0,372.0,0.7509159,228.0,371.0,0.3950614,262.0,370.0,0.7925191,260.0,370.0,0.69457376,247.0,422.0,0.65663064,247.0,419.0,0.6872035,239.0,478.0,0.5864966,256.0,463.0,0.349878,4,rowing_down,deadlift_up,0.68527436
image_1735391118005_android.graphics.Bitmap@d6b7e88.jpeg,216.0,319.0,0.7625282,217.0,313.0,0.80204415,213.0,317.0,0.71129173,225.0,307.0,0.7930663,218.0,311.0,0.72224975,238.0,316.0,0.88456285,235.0,319.0,0.65300786,237.0,349.0,0.6552849,237.0,350.0,0.70931584,228.0,375.0,0.6395147,228.0,375.0,0.66222966,270.0,369.0,0.80154335,267.0,369.0,0.74093604,254.0,420.0,0.69585854,252.0,420.0,0.80020773,267.0,465.0,0.47341058,260.0,461.0,0.66695154,4,rowing_down,rowing_up,0.85843813
image_1735391118198_android.graphics.Bitmap@d587e07.jpeg,213.0,327.0,0.8221094,212.0,322.0,0.87948096,210.0,324.0,0.57163167,219.0,313.0,0.8147142,216.0,316.0,0.6793013,235.0,323.0,0.9215115,233.0,326.0,0.79907775,236.0,358.0,0.66376436,236.0,358.0,0.46980888,227.0,385.0,0.57852435,227.0,384.0,0.60872805,273.0,373.0,0.7646959,270.0,374.0,0.8086499,262.0,422.0,0.7279602,258.0,420.0,0.68768775,270.0,459.0,0.18199001,264.0,454.0,0.24946906,4,rowing_down,rowing_up,0.8053052
image_1735391118409_android.graphics.Bitmap@c8d66d2.jpeg,211.0,330.0,0.7990346,210.0,325.0,0.83533585,210.0,326.0,0.732504,218.0,316.0,0.92692065,217.0,317.0,0.6414041,236.0,325.0,0.8858887,233.0,328.0,0.84312904,235.0,362.0,0.8062912,235.0,361.0,0.7126883,226.0,390.0,0.85959846,227.0,389.0,0.4601996,276.0,373.0,0.7947085,270.0,373.0,0.78631663,259.0,418.0,0.64190704,253.0,416.0,0.7697929,269.0,456.0,0.19237414,265.0,451.0,0.24079482,4,rowing_down,rowing_down,0.7825863
image_1735391118632_android.graphics.Bitmap@30a1259.jpeg,209.0,330.0,0.7069229,208.0,324.0,0.8319736,208.0,325.0,0.8799517,217.0,316.0,0.8174083,216.0,317.0,0.8638904,234.0,327.0,0.8832039,233.0,328.0,0.76117116,233.0,363.0,0.6202754,233.0,362.0,0.6862967,224.0,392.0,0.82867956,225.0,390.0,0.6157813,276.0,374.0,0.86026704,272.0,374.0,0.79807776,259.0,419.0,0.43325958,255.0,418.0,0.83253837,272.0,458.0,0.29857525,263.0,454.0,0.3858987,4,rowing_down,rowing_down,0.7859564
image_1735391118846_android.graphics.Bitmap@8117ccc.jpeg,207.0,332.0,0.8123597,207.0,327.0,0.731421,206.0,327.0,0.8372327,216.0,319.0,0.7730052,214.0,320.0,0.77382076,232.0,330.0,0.71061826,231.0,331.0,0.8861601,231.0,365.0,0.7258772,231.0,364.0,0.73879576,221.0,392.0,0.8085008,222.0,391.0,0.60994196,275.0,373.0,0.57560486,269.0,374.0,0.7635821,260.0,420.0,0.71496284,253.0,418.0,0.888685,264.0,451.0,0.45371932,261.0,451.0,0.5076636,4,rowing_down,rowing_down,0.77899224
image_1735391119038_android.graphics.Bitmap@2a3341b.jpeg,204.0,337.0,0.8391052,203.0,331.0,0.9049567,203.0,332.0,0.8420038,213.0,325.0,0.78753275,212.0,325.0,0.78424394,230.0,335.0,0.8749431,229.0,337.0,0.84305954,225.0,372.0,0.66970944,226.0,373.0,0.7351898,214.0,399.0,0.80543315,215.0,398.0,0.64571494,277.0,375.0,0.75758266,274.0,376.0,0.7733057,260.0,421.0,0.66885,255.0,419.0,0.8432234,273.0,462.0,0.26097307,262.0,458.0,0.61277586,4,rowing_down,rowing_down,0.92926157
image_1735391119271_android.graphics.Bitmap@fdad2f6.jpeg,203.0,342.0,0.765952,202.0,337.0,0.76377,202.0,337.0,0.87713146,211.0,330.0,0.829548,210.0,330.0,0.8471395,227.0,340.0,0.88039845,227.0,342.0,0.78552365,216.0,374.0,0.8236929,223.0,380.0,0.71389025,202.0,404.0,0.71284425,209.0,403.0,0.7233156,281.0,375.0,0.7198098,276.0,376.0,0.7102843,262.0,422.0,0.6182973,258.0,420.0,0.8816586,271.0,465.0,0.34084776,262.0,463.0,0.6769573,4,rowing_down,rowing_down,0.7560344
image_1735391119477_android.graphics.Bitmap@1c5f7cd.jpeg,203.0,345.0,0.7898499,203.0,340.0,0.8543481,203.0,340.0,0.86078376,212.0,333.0,0.9125911,210.0,334.0,0.7578794,226.0,344.0,0.9166109,225.0,345.0,0.6863322,213.0,379.0,0.7317629,213.0,378.0,0.84483826,196.0,405.0,0.7786205,198.0,403.0,0.71935487,283.0,375.0,0.7617246,280.0,376.0,0.8252633,264.0,426.0,0.702848,262.0,423.0,0.8552848,265.0,475.0,0.5217562,263.0,469.0,0.5727366,4,rowing_down,rowing_up,0.99378747
image_1735391119702_android.graphics.Bitmap@90fe7d0.jpeg,205.0,348.0,0.5303625,204.0,344.0,0.8509795,204.0,344.0,0.87167037,212.0,338.0,0.63557243,211.0,338.0,0.6496959,226.0,348.0,0.7599545,227.0,347.0,0.8905279,211.0,381.0,0.7192341,212.0,380.0,0.7462789,192.0,407.0,0.7396458,194.0,405.0,0.6534011,286.0,375.0,0.79732287,283.0,375.0,0.8611894,264.0,424.0,0.75631016,263.0,420.0,0.77746785,267.0,471.0,0.41845855,264.0,464.0,0.65493906,4,rowing_down,rowing_up,0.999909
image_1735391119928_android.graphics.Bitmap@e0fcdef.jpeg,207.0,350.0,0.64461577,204.0,346.0,0.67521405,205.0,346.0,0.71281797,209.0,342.0,0.8088852,210.0,340.0,0.4280721,225.0,350.0,0.7070914,228.0,348.0,0.7510016,211.0,383.0,0.6711663,213.0,381.0,0.57566357,192.0,410.0,0.7257227,196.0,406.0,0.34581992,285.0,377.0,0.7012284,282.0,378.0,0.59374946,264.0,426.0,0.40703464,263.0,423.0,0.615701,266.0,473.0,0.34369847,263.0,468.0,0.398367,4,rowing_down,rowing_up,0.9997196
image_1735391120118_android.graphics.Bitmap@11f45da.jpeg,206.0,351.0,0.60797024,204.0,348.0,0.7017878,205.0,347.0,0.6650728,210.0,343.0,0.7047081,210.0,341.0,0.60925364,225.0,350.0,0.806031,227.0,349.0,0.6452291,211.0,384.0,0.7094131,213.0,382.0,0.6380794,191.0,410.0,0.7126446,195.0,406.0,0.3889789,285.0,376.0,0.7616278,281.0,377.0,0.6301757,264.0,425.0,0.44397244,261.0,421.0,0.62339604,264.0,476.0,0.54713917,260.0,470.0,0.4300868,4,rowing_down,rowing_up,0.99942195
image_1735391120331_android.graphics.Bitmap@4dea301.jpeg,207.0,353.0,0.661579,205.0,349.0,0.7216476,206.0,348.0,0.7725353,209.0,344.0,0.77526724,210.0,343.0,0.69437075,225.0,353.0,0.8456097,227.0,352.0,0.84566766,211.0,387.0,0.5474957,214.0,385.0,0.6528268,192.0,412.0,0.5740328,196.0,411.0,0.49119848,285.0,378.0,0.80453473,279.0,378.0,0.7781501,265.0,425.0,0.6146925,256.0,419.0,0.86312443,270.0,465.0,0.1630432,262.0,466.0,0.60392344,4,rowing_down,rowing_up,0.9990017
image_1735391120573_android.graphics.Bitmap@f9f2394.jpeg,203.0,360.0,0.7250386,200.0,357.0,0.6918811,202.0,356.0,0.79911727,205.0,353.0,0.7023127,207.0,350.0,0.69100034,222.0,361.0,0.72994936,225.0,356.0,0.7327429,210.0,394.0,0.6213594,212.0,392.0,0.6087513,191.0,420.0,0.676509,195.0,418.0,0.40908188,285.0,377.0,0.8294509,280.0,378.0,0.69547117,261.0,424.0,0.5220179,257.0,419.0,0.6207583,266.0,476.0,0.3547242,262.0,469.0,0.4749112,4,rowing_down,rowing_up,0.621338
image_1735391120810_android.graphics.Bitmap@fecff83.jpeg,199.0,368.0,0.69829273,197.0,364.0,0.5380385,197.0,363.0,0.5686085,204.0,355.0,0.86610764,203.0,355.0,0.7002432,220.0,363.0,0.8131782,220.0,362.0,0.8602353,208.0,399.0,0.7091857,209.0,398.0,0.74585605,190.0,425.0,0.7291701,193.0,423.0,0.7505431,284.0,377.0,0.74162686,279.0,378.0,0.82812506,260.0,424.0,0.53297913,256.0,418.0,0.68066835,264.0,477.0,0.47115988,261.0,469.0,0.6234015,4,rowing_down,rowing_down,0.8639264
image_1735391121052_android.graphics.Bitmap@830037e.jpeg,199.0,369.0,0.713619,198.0,363.0,0.67792094,197.0,365.0,0.7633356,205.0,354.0,0.5715699,203.0,356.0,0.7937188,220.0,363.0,0.78703254,221.0,362.0,0.7871891,206.0,400.0,0.75092304,209.0,398.0,0.6453943,187.0,426.0,0.77228725,192.0,424.0,0.56044394,285.0,376.0,0.9298219,280.0,376.0,0.8719026,260.0,423.0,0.6108042,256.0,419.0,0.8319573,266.0,475.0,0.36133835,262.0,467.0,0.6257569,4,rowing_down,rowing_down,0.6283237
image_1735391121255_android.graphics.Bitmap@80d27f5.jpeg,200.0,371.0,0.59474814,198.0,365.0,0.6441169,197.0,367.0,0.7029911,205.0,356.0,0.8585617,202.0,358.0,0.6716988,219.0,364.0,0.84585327,220.0,363.0,0.8082961,208.0,401.0,0.75932187,209.0,399.0,0.65251213,188.0,427.0,0.7423338,191.0,425.0,0.5700093,284.0,376.0,0.8994381,280.0,376.0,0.86655515,261.0,424.0,0.65868294,256.0,419.0,0.62888753,264.0,480.0,0.59036374,260.0,470.0,0.7184409,4,rowing_down,rowing_down,0.8456432
image_1735391123069_android.graphics.Bitmap@386cf1d.jpeg,200.0,383.0,0.5307128,197.0,379.0,0.72856516,196.0,379.0,0.6793753,201.0,369.0,0.8353324,199.0,371.0,0.7380543,219.0,374.0,0.8873014,218.0,372.0,0.7683443,211.0,413.0,0.6421534,212.0,410.0,0.6359375,195.0,440.0,0.653492,198.0,436.0,0.6103395,284.0,376.0,0.94082373,279.0,376.0,0.83516264,258.0,423.0,0.7051679,253.0,418.0,0.64492524,265.0,474.0,0.45953977,261.0,467.0,0.6154097,4,rowing_down,rowing_down,0.99996346
image_1735391123285_android.graphics.Bitmap@696e360.jpeg,200.0,387.0,0.74489784,198.0,383.0,0.5743136,197.0,384.0,0.7255095,201.0,374.0,0.60922325,201.0,375.0,0.66296995,217.0,378.0,0.75616413,216.0,371.0,0.7652457,201.0,414.0,0.68707395,203.0,408.0,0.3719818,180.0,440.0,0.70969176,183.0,437.0,0.4482892,284.0,375.0,0.9123826,281.0,373.0,0.8736501,259.0,424.0,0.690171,255.0,417.0,0.6274575,264.0,480.0,0.52558494,261.0,470.0,0.5087067,4,rowing_down,rowing_down,0.52337795
image_1735391123501_android.graphics.Bitmap@48d6abf.jpeg,199.0,388.0,0.7580729,196.0,384.0,0.70981777,196.0,384.0,0.78051895,201.0,375.0,0.6656351,199.0,375.0,0.6821176,215.0,378.0,0.8090784,216.0,370.0,0.74843097,199.0,413.0,0.7387963,203.0,407.0,0.35505986,178.0,437.0,0.6481901,181.0,435.0,0.38341886,283.0,375.0,0.88257724,281.0,373.0,0.8445965,259.0,424.0,0.66192794,255.0,417.0,0.59948456,264.0,480.0,0.5801789,261.0,470.0,0.50736356,4,rowing_down,rowing_up,0.99182606
image_1735391123737_android.graphics.Bitmap@8a7e4ea.jpeg,199.0,387.0,0.781271,197.0,383.0,0.64884126,196.0,383.0,0.7734305,201.0,374.0,0.5882281,201.0,375.0,0.68061095,216.0,378.0,0.7985029,216.0,371.0,0.7953845,199.0,413.0,0.7298634,203.0,406.0,0.3640779,179.0,437.0,0.7733923,181.0,435.0,0.44644743,283.0,375.0,0.9083704,280.0,373.0,0.8704642,259.0,422.0,0.6741371,255.0,416.0,0.58635765,264.0,478.0,0.5574175,260.0,468.0,0.55278915,4,rowing_down,rowing_up,0.97662926
image_1735391123945_android.graphics.Bitmap@816d951.jpeg,200.0,388.0,0.68900037,197.0,383.0,0.7783088,196.0,384.0,0.72118527,201.0,374.0,0.693453,199.0,375.0,0.6709289,216.0,378.0,0.81440294,216.0,371.0,0.834767,198.0,414.0,0.59794366,201.0,408.0,0.48016134,179.0,439.0,0.79790556,182.0,435.0,0.4513293,284.0,375.0,0.86731154,278.0,373.0,0.8614164,259.0,420.0,0.6966095,253.0,415.0,0.7472991,264.0,474.0,0.49783427,260.0,466.0,0.5063753,4,rowing_down,rowing_up,0.8862925
image_1735391124170_android.graphics.Bitmap@3504a24.jpeg,197.0,381.0,0.65579987,194.0,377.0,0.63596666,194.0,377.0,0.66731167,197.0,367.0,0.8205019,197.0,368.0,0.6995268,218.0,365.0,0.8240752,218.0,364.0,0.89220434,228.0,398.0,0.60509205,228.0,397.0,0.47262856,214.0,425.0,0.6791264,217.0,420.0,0.47404158,279.0,373.0,0.7935746,274.0,375.0,0.7417167,258.0,421.0,0.569439,251.0,416.0,0.75894064,266.0,470.0,0.48718002,260.0,465.0,0.6328641,4,rowing_down,rowing_down,0.999888
image_1735391125695_android.graphics.Bitmap@f91bef9.jpeg,200.0,385.0,0.63672817,197.0,382.0,0.6480364,197.0,382.0,0.6709397,200.0,372.0,0.70731735,199.0,372.0,0.5973543,222.0,369.0,0.6581454,220.0,369.0,0.6387727,222.0,409.0,0.7763528,221.0,407.0,0.77651995,209.0,435.0,0.63397634,210.0,432.0,0.46298346,282.0,374.0,0.9179824,277.0,374.0,0.8530868,260.0,422.0,0.64804405,253.0,417.0,0.72600883,269.0,466.0,0.311108,260.0,464.0,0.71044993,4,rowing_down,rowing_down,0.9999947
image_1735391125995_android.graphics.Bitmap@e409ec.jpeg,202.0,394.0,0.60286105,199.0,390.0,0.6859209,199.0,391.0,0.6956798,203.0,381.0,0.8144723,202.0,382.0,0.6091572,217.0,381.0,0.7321005,218.0,375.0,0.78648776,201.0,416.0,0.6185093,205.0,410.0,0.3032274,180.0,441.0,0.6533036,183.0,439.0,0.5822214,286.0,376.0,0.8746481,281.0,374.0,0.8666692,259.0,421.0,0.747332,254.0,415.0,0.71641886,265.0,477.0,0.39829642,263.0,462.0,0.39884558,4,rowing_down,rowing_up,0.9964986
image_1735391126246_android.graphics.Bitmap@7c47bbb.jpeg,201.0,394.0,0.6480373,199.0,391.0,0.73215383,199.0,392.0,0.72506523,203.0,381.0,0.6208175,202.0,383.0,0.6755303,216.0,381.0,0.7523393,217.0,376.0,0.71526146,198.0,416.0,0.82086265,201.0,412.0,0.3603958,177.0,441.0,0.78201425,181.0,438.0,0.48362127,286.0,375.0,0.8758378,282.0,373.0,0.8683768,259.0,420.0,0.7097049,255.0,415.0,0.6685426,264.0,476.0,0.4897452,263.0,463.0,0.3533214,4,rowing_down,rowing_up,0.99928355
image_1735391126463_android.graphics.Bitmap@a1bf716.jpeg,202.0,394.0,0.65433,199.0,391.0,0.64543265,199.0,392.0,0.7727465,204.0,381.0,0.808564,202.0,383.0,0.63258624,216.0,382.0,0.75828606,217.0,376.0,0.8075983,198.0,417.0,0.5638838,202.0,410.0,0.22419101,177.0,441.0,0.74987876,180.0,438.0,0.50596225,286.0,376.0,0.86916167,282.0,373.0,0.7731493,259.0,422.0,0.546576,255.0,416.0,0.688527,265.0,475.0,0.42174175,263.0,461.0,0.22756253,4,rowing_down,rowing_up,0.99993855
image_1735391126690_android.graphics.Bitmap@bfc026d.jpeg,201.0,392.0,0.7233404,199.0,389.0,0.679795,199.0,389.0,0.7495877,202.0,379.0,0.6309874,202.0,380.0,0.64897627,216.0,382.0,0.8546064,219.0,373.0,0.85351,206.0,416.0,0.6437788,211.0,410.0,0.44446948,186.0,440.0,0.84995323,196.0,431.0,0.35040662,284.0,376.0,0.86052054,279.0,374.0,0.8589841,258.0,421.0,0.7647431,254.0,416.0,0.65117466,264.0,479.0,0.4916375,260.0,470.0,0.62607825,4,rowing_down,rowing_down,0.97016674
image_1735391126886_android.graphics.Bitmap@132eaf0.jpeg,199.0,383.0,0.6523355,195.0,379.0,0.64081,196.0,379.0,0.61668456,199.0,368.0,0.7457944,198.0,368.0,0.69531745,219.0,367.0,0.8135681,218.0,368.0,0.8110376,238.0,394.0,0.7321459,234.0,397.0,0.3857014,230.0,419.0,0.42317918,232.0,418.0,0.55274135,281.0,372.0,0.7734616,271.0,375.0,0.67717564,260.0,417.0,0.529405,254.0,418.0,0.73970306,265.0,472.0,0.44408897,260.0,468.0,0.53686,4,rowing_down,rowing_down,0.99979377
image_1735391128652_android.graphics.Bitmap@d6a338.jpeg,200.0,372.0,0.6301079,197.0,367.0,0.62745243,196.0,368.0,0.69549763,203.0,357.0,0.65812373,200.0,360.0,0.6324709,225.0,358.0,0.69111395,220.0,363.0,0.6267035,224.0,396.0,0.70499945,222.0,395.0,0.6962451,208.0,425.0,0.7835488,208.0,423.0,0.39694715,283.0,372.0,0.86052066,276.0,375.0,0.7993172,263.0,423.0,0.59062934,256.0,418.0,0.71412486,272.0,470.0,0.22757027,262.0,466.0,0.70717525,4,rowing_down,rowing_down,0.99988765
image_1735391128871_android.graphics.Bitmap@faae77.jpeg,204.0,388.0,0.69098973,202.0,383.0,0.7276174,200.0,385.0,0.80233,206.0,374.0,0.82115865,202.0,380.0,0.62589103,219.0,379.0,0.782231,218.0,372.0,0.77188015,200.0,412.0,0.75794655,201.0,408.0,0.4169653,182.0,438.0,0.78046525,184.0,435.0,0.5107,285.0,375.0,0.8082647,281.0,373.0,0.8454404,260.0,422.0,0.74188465,256.0,415.0,0.72726786,266.0,477.0,0.5236361,263.0,468.0,0.5365329,4,rowing_down,rowing_up,0.973127
image_1735391129086_android.graphics.Bitmap@7be602.jpeg,202.0,391.0,0.70373344,199.0,387.0,0.73204994,199.0,388.0,0.75811887,203.0,377.0,0.6910142,202.0,379.0,0.7128825,217.0,379.0,0.82586896,218.0,372.0,0.8458569,199.0,414.0,0.69862115,201.0,409.0,0.39325652,181.0,441.0,0.7208937,183.0,438.0,0.5901098,286.0,375.0,0.85149705,282.0,373.0,0.8558938,259.0,423.0,0.638872,255.0,415.0,0.6912029,272.0,468.0,0.242041,264.0,464.0,0.3850521,4,rowing_down,rowing_up,0.99552304
image_1735391129285_android.graphics.Bitmap@a813f49.jpeg,202.0,390.0,0.6666664,200.0,386.0,0.56087434,199.0,387.0,0.7280222,204.0,376.0,0.7682401,202.0,379.0,0.6468894,217.0,379.0,0.8284183,218.0,372.0,0.8365364,201.0,412.0,0.79353476,204.0,407.0,0.2482222,183.0,439.0,0.68627787,185.0,438.0,0.5069859,285.0,375.0,0.85904604,281.0,373.0,0.8476912,261.0,422.0,0.7147025,256.0,415.0,0.6711658,265.0,477.0,0.41959256,264.0,465.0,0.42036742,4,rowing_down,rowing_up,0.94636863
image_1735391129507_android.graphics.Bitmap@584827c.jpeg,201.0,391.0,0.7147498,199.0,388.0,0.7155509,198.0,388.0,0.64673305,203.0,378.0,0.7810523,202.0,379.0,0.73616445,218.0,378.0,0.77080625,218.0,372.0,0.8590031,202.0,413.0,0.7576983,205.0,409.0,0.44592145,183.0,442.0,0.603941,188.0,439.0,0.5124085,285.0,374.0,0.8948168,283.0,372.0,0.86251724,261.0,423.0,0.68059254,256.0,417.0,0.5618639,265.0,481.0,0.43650392,264.0,467.0,0.39786208,4,rowing_down,rowing_down,0.6858126
image_1735391129725_android.graphics.Bitmap@413798b.jpeg,200.0,399.0,0.76213384,198.0,396.0,0.7810801,198.0,396.0,0.80372757,202.0,386.0,0.6868285,201.0,386.0,0.7150226,218.0,387.0,0.6696662,216.0,382.0,0.77364105,207.0,427.0,0.66696525,208.0,420.0,0.53079385,193.0,457.0,0.8290623,196.0,446.0,0.63749844,281.0,379.0,0.81864536,275.0,378.0,0.8374881,257.0,428.0,0.4687217,250.0,418.0,0.70235455,264.0,476.0,0.4353094,258.0,472.0,0.70706844,4,rowing_down,rowing_down,0.9999985
image_1735391129940_android.graphics.Bitmap@eea2b26.jpeg,199.0,411.0,0.59028625,196.0,407.0,0.705871,196.0,408.0,0.78615093,201.0,397.0,0.7878336,200.0,398.0,0.783682,216.0,401.0,0.59374094,215.0,396.0,0.65847886,204.0,441.0,0.6903448,208.0,433.0,0.4411253,189.0,473.0,0.8255174,199.0,457.0,0.21382321,279.0,383.0,0.73597777,274.0,382.0,0.8631231,251.0,431.0,0.6454516,244.0,424.0,0.7252513,261.0,479.0,0.6582387,258.0,468.0,0.39207453,4,rowing_down,rowing_down,0.9999998
image_1735391130164_android.graphics.Bitmap@bd291bd.jpeg,197.0,421.0,0.72843766,194.0,418.0,0.7730413,194.0,419.0,0.7256937,196.0,407.0,0.8106711,195.0,409.0,0.5929266,212.0,409.0,0.8183545,210.0,404.0,0.7768922,203.0,450.0,0.8358567,205.0,440.0,0.4714291,191.0,484.0,0.6714012,197.0,462.0,0.49492905,272.0,383.0,0.78192425,266.0,383.0,0.7554504,250.0,430.0,0.76443726,240.0,426.0,0.78519166,262.0,471.0,0.44356787,256.0,471.0,0.8450041,4,rowing_down,rowing_down,0.99999994
image_1735391121478_android.graphics.Bitmap@44a5418.jpeg,200.0,373.0,0.72041285,197.0,368.0,0.8026612,197.0,368.0,0.832927,202.0,359.0,0.61563975,201.0,359.0,0.52446675,222.0,361.0,0.87479836,222.0,360.0,0.8500993,228.0,394.0,0.7594253,228.0,392.0,0.5690193,213.0,421.0,0.83478224,216.0,419.0,0.43707332,283.0,373.0,0.8004707,277.0,376.0,0.79350966,260.0,422.0,0.72461855,253.0,417.0,0.8193879,270.0,471.0,0.3206834,262.0,466.0,0.72325516,5,rowing_up,rowing_down,0.9997293
image_1735391121696_android.graphics.Bitmap@50b3cd7.jpeg,200.0,372.0,0.6835451,196.0,367.0,0.7901896,196.0,369.0,0.5743717,199.0,356.0,0.8150276,199.0,359.0,0.616082,217.0,353.0,0.73288226,218.0,353.0,0.67841655,253.0,356.0,0.83058226,253.0,356.0,0.70205516,254.0,389.0,0.7528105,254.0,387.0,0.6025567,278.0,372.0,0.7801149,274.0,372.0,0.76637614,261.0,426.0,0.58683443,256.0,423.0,0.7895844,265.0,473.0,0.41401392,262.0,469.0,0.5125413,5,rowing_up,rowing_up,0.9998586
image_1735391121934_android.graphics.Bitmap@d9f0fe2.jpeg,200.0,372.0,0.5998446,196.0,367.0,0.52796316,196.0,369.0,0.74943715,197.0,355.0,0.83858764,198.0,358.0,0.7107011,216.0,350.0,0.71264464,217.0,350.0,0.70220846,252.0,346.0,0.7107717,252.0,346.0,0.64340067,256.0,376.0,0.8444061,256.0,376.0,0.46772587,277.0,371.0,0.85313624,275.0,370.0,0.80464804,258.0,423.0,0.5895611,259.0,421.0,0.7021171,265.0,474.0,0.632927,261.0,466.0,0.78015465,5,rowing_up,rowing_up,0.9999369
image_1735391122148_android.graphics.Bitmap@97e5aa9.jpeg,201.0,372.0,0.5693284,197.0,368.0,0.6127097,197.0,370.0,0.76457155,198.0,356.0,0.58865297,198.0,360.0,0.5564063,217.0,350.0,0.8050362,218.0,350.0,0.60870326,252.0,346.0,0.7525181,252.0,346.0,0.66043323,256.0,377.0,0.8645671,257.0,375.0,0.5080817,278.0,370.0,0.8293515,275.0,370.0,0.79515415,258.0,423.0,0.7405418,259.0,421.0,0.8142199,265.0,475.0,0.62515765,261.0,467.0,0.74584246,5,rowing_up,rowing_up,0.9999257
image_1735391122406_android.graphics.Bitmap@c735d5c.jpeg,202.0,371.0,0.68172467,198.0,367.0,0.56710404,198.0,369.0,0.6629739,198.0,356.0,0.81054866,199.0,358.0,0.69489706,217.0,350.0,0.5925991,218.0,350.0,0.6410545,252.0,345.0,0.6480621,252.0,345.0,0.6557342,257.0,376.0,0.84052074,256.0,378.0,0.3128793,278.0,370.0,0.81465876,276.0,370.0,0.7985146,258.0,424.0,0.62814385,258.0,422.0,0.7847697,265.0,474.0,0.5055945,262.0,468.0,0.5929718,5,rowing_up,rowing_up,0.9999433
image_1735391122625_android.graphics.Bitmap@310b9eb.jpeg,203.0,371.0,0.66367817,198.0,367.0,0.75174284,198.0,368.0,0.57353306,199.0,355.0,0.84014267,199.0,357.0,0.7892405,216.0,350.0,0.6057178,218.0,349.0,0.67364985,252.0,344.0,0.7933474,252.0,345.0,0.6494434,257.0,376.0,0.8300083,258.0,374.0,0.53598225,277.0,370.0,0.8572489,274.0,370.0,0.78104895,258.0,424.0,0.64856064,259.0,422.0,0.78200024,265.0,473.0,0.56362295,263.0,467.0,0.5493553,5,rowing_up,rowing_up,0.9998867
image_1735391122848_android.graphics.Bitmap@21f2f06.jpeg,200.0,374.0,0.65642375,196.0,370.0,0.74045455,195.0,371.0,0.6505191,198.0,359.0,0.75402176,199.0,361.0,0.55029047,219.0,355.0,0.73534435,219.0,355.0,0.7249964,249.0,369.0,0.7619571,238.0,367.0,0.23222126,240.0,396.0,0.5370301,239.0,395.0,0.4356885,278.0,372.0,0.7423418,271.0,373.0,0.76903355,259.0,422.0,0.61561954,253.0,420.0,0.7260699,266.0,472.0,0.50247973,261.0,466.0,0.5405295,5,rowing_up,rowing_up,0.99981666
image_1735391124383_android.graphics.Bitmap@8cf0353.jpeg,195.0,373.0,0.61407286,193.0,368.0,0.7932277,192.0,370.0,0.6138588,197.0,357.0,0.7028309,196.0,360.0,0.67848265,216.0,354.0,0.6448939,214.0,361.0,0.5819724,250.0,359.0,0.7873802,236.0,366.0,0.29010174,252.0,391.0,0.8039276,250.0,390.0,0.54475194,276.0,369.0,0.85970014,267.0,373.0,0.6534138,261.0,422.0,0.7180126,253.0,422.0,0.6759379,270.0,466.0,0.2539932,263.0,462.0,0.4311632,5,rowing_up,rowing_up,0.99980783
image_1735391124618_android.graphics.Bitmap@759758e.jpeg,198.0,368.0,0.62961686,195.0,363.0,0.68888485,194.0,364.0,0.6218742,198.0,352.0,0.7804736,198.0,353.0,0.5751539,217.0,347.0,0.7937615,216.0,351.0,0.66638064,252.0,342.0,0.7674991,242.0,351.0,0.2059223,259.0,370.0,0.9058903,255.0,373.0,0.20248923,276.0,368.0,0.78151184,272.0,369.0,0.74365366,258.0,422.0,0.54431254,256.0,419.0,0.87164974,264.0,473.0,0.59980464,262.0,465.0,0.50370204,5,rowing_up,rowing_up,0.9999319
image_1735391124806_android.graphics.Bitmap@1ee8d45.jpeg,197.0,368.0,0.7088249,193.0,364.0,0.72211903,193.0,364.0,0.8013296,197.0,353.0,0.8154228,197.0,354.0,0.78556144,216.0,348.0,0.62526155,215.0,352.0,0.79405284,252.0,342.0,0.85307026,233.0,359.0,0.23766027,258.0,370.0,0.817891,253.0,375.0,0.18018878,276.0,368.0,0.79653895,272.0,369.0,0.7275567,258.0,422.0,0.71231055,256.0,420.0,0.8627132,264.0,472.0,0.55677724,262.0,465.0,0.5634799,5,rowing_up,rowing_up,0.9999642
image_1735391125035_android.graphics.Bitmap@f1db5a8.jpeg,198.0,369.0,0.6447614,195.0,364.0,0.68222797,194.0,364.0,0.75542843,198.0,353.0,0.71071976,198.0,353.0,0.73114735,217.0,348.0,0.7484021,216.0,352.0,0.71548164,252.0,342.0,0.8441579,238.0,355.0,0.20295689,259.0,369.0,0.760495,253.0,374.0,0.17958544,277.0,368.0,0.8990346,273.0,368.0,0.7347708,259.0,422.0,0.6094258,257.0,419.0,0.82557607,264.0,473.0,0.609045,261.0,467.0,0.65346974,5,rowing_up,rowing_up,0.99996585
image_1735391125260_android.graphics.Bitmap@b74f7a7.jpeg,197.0,369.0,0.7296144,194.0,365.0,0.80584943,194.0,365.0,0.8437577,198.0,354.0,0.85948193,198.0,355.0,0.8335649,217.0,349.0,0.66879046,217.0,352.0,0.77193993,251.0,343.0,0.65426457,238.0,355.0,0.16774036,258.0,372.0,0.79629433,253.0,376.0,0.2607817,276.0,368.0,0.8913514,273.0,369.0,0.7238785,259.0,422.0,0.6463194,256.0,419.0,0.8275903,265.0,473.0,0.58952606,261.0,466.0,0.64310825,5,rowing_up,rowing_up,0.99995464
image_1735391125488_android.graphics.Bitmap@320e4f2.jpeg,199.0,375.0,0.7632385,195.0,370.0,0.66640055,195.0,372.0,0.78910595,199.0,359.0,0.8525235,199.0,363.0,0.5574327,218.0,359.0,0.81883186,218.0,359.0,0.70190287,248.0,370.0,0.62331164,240.0,370.0,0.26538,243.0,401.0,0.5386624,242.0,400.0,0.36455053,277.0,371.0,0.8964954,267.0,373.0,0.699031,260.0,419.0,0.6766931,252.0,417.0,0.39003497,266.0,468.0,0.4420373,261.0,463.0,0.45072678,5,rowing_up,rowing_up,0.9915526
image_1735391127115_android.graphics.Bitmap@bbc838f.jpeg,196.0,367.0,0.7360712,194.0,361.0,0.5976274,193.0,363.0,0.7886597,198.0,350.0,0.60465544,198.0,353.0,0.68497944,216.0,349.0,0.6229183,216.0,353.0,0.562763,253.0,353.0,0.7806955,241.0,360.0,0.28607914,258.0,386.0,0.6533891,255.0,385.0,0.40044397,279.0,369.0,0.91378075,270.0,371.0,0.7615976,263.0,422.0,0.80241483,254.0,420.0,0.74778366,266.0,471.0,0.40195185,261.0,465.0,0.45679379,5,rowing_up,rowing_up,0.9997728
image_1735391127360_android.graphics.Bitmap@bd2ffa.jpeg,200.0,355.0,0.67538565,198.0,349.0,0.6455244,197.0,352.0,0.69594824,203.0,338.0,0.8023258,200.0,342.0,0.6030494,222.0,335.0,0.77993965,216.0,345.0,0.4701994,257.0,334.0,0.81549096,228.0,352.0,0.2638199,261.0,363.0,0.8640894,219.0,358.0,0.47579575,276.0,369.0,0.6696812,270.0,373.0,0.6779072,262.0,422.0,0.6932126,258.0,419.0,0.8045526,264.0,472.0,0.39681688,263.0,466.0,0.5401326,5,rowing_up,rowing_up,0.9998837
image_1735391127572_android.graphics.Bitmap@914aba1.jpeg,200.0,354.0,0.66527486,198.0,348.0,0.8022574,197.0,350.0,0.70226693,202.0,337.0,0.6859319,201.0,341.0,0.70285475,222.0,334.0,0.7056292,217.0,344.0,0.41071206,258.0,334.0,0.6586337,226.0,355.0,0.27551264,261.0,364.0,0.7265442,217.0,356.0,0.71414703,276.0,369.0,0.6128522,271.0,372.0,0.5954443,261.0,420.0,0.68422186,257.0,418.0,0.79948705,264.0,469.0,0.33669037,263.0,462.0,0.5641607,5,rowing_up,rowing_up,0.99991006
image_1735391127780_android.graphics.Bitmap@e48bcb4.jpeg,200.0,354.0,0.5855178,198.0,349.0,0.77189887,198.0,351.0,0.66668475,203.0,337.0,0.79992163,201.0,341.0,0.7131256,223.0,334.0,0.7375891,217.0,345.0,0.43588397,258.0,335.0,0.61904603,225.0,356.0,0.35358626,263.0,364.0,0.73769,217.0,356.0,0.74107337,277.0,370.0,0.71931183,269.0,374.0,0.72957647,262.0,420.0,0.6275929,257.0,419.0,0.8261892,268.0,468.0,0.33514574,262.0,463.0,0.6223756,5,rowing_up,rowing_up,0.9998741
image_1735391127984_android.graphics.Bitmap@ee9c323.jpeg,199.0,355.0,0.6789826,197.0,349.0,0.71552527,197.0,352.0,0.7555192,203.0,338.0,0.7909348,201.0,342.0,0.5826107,223.0,336.0,0.74338377,217.0,345.0,0.41423175,259.0,336.0,0.92898643,225.0,356.0,0.31552827,262.0,365.0,0.8762258,218.0,357.0,0.6054275,277.0,370.0,0.65348756,272.0,372.0,0.6005636,261.0,420.0,0.66671336,258.0,420.0,0.8431421,265.0,469.0,0.39678943,264.0,460.0,0.70481503,5,rowing_up,rowing_up,0.9999264
image_1735391128207_android.graphics.Bitmap@5afd39e.jpeg,199.0,356.0,0.6158868,197.0,351.0,0.69556266,197.0,353.0,0.64622825,202.0,339.0,0.7956175,200.0,343.0,0.5353072,222.0,338.0,0.7344718,217.0,348.0,0.5597932,258.0,336.0,0.89933246,233.0,354.0,0.26694393,261.0,367.0,0.88837934,252.0,371.0,0.16795468,277.0,368.0,0.8672576,273.0,370.0,0.7368498,260.0,420.0,0.6638464,258.0,419.0,0.8414457,265.0,472.0,0.45811164,264.0,464.0,0.5695649,5,rowing_up,rowing_up,0.99973273
image_1735391128424_android.graphics.Bitmap@fe2ce95.jpeg,198.0,360.0,0.7366739,196.0,355.0,0.79015934,196.0,356.0,0.79488593,200.0,344.0,0.7774764,200.0,347.0,0.7382972,221.0,344.0,0.6913719,218.0,350.0,0.7347943,253.0,356.0,0.5947534,237.0,361.0,0.28539506,246.0,386.0,0.75788254,244.0,385.0,0.41820353,278.0,368.0,0.64776635,269.0,371.0,0.60029125,262.0,422.0,0.7251251,253.0,421.0,0.78857803,266.0,470.0,0.5144452,261.0,460.0,0.52096987,5,rowing_up,rowing_up,0.9994689
image_1735391099631_android.graphics.Bitmap@3f8d415.jpeg,182.0,382.0,0.6900282,181.0,377.0,0.68493915,180.0,378.0,0.74088603,191.0,367.0,0.846262,189.0,369.0,0.6601959,211.0,372.0,0.8266412,211.0,371.0,0.74317896,224.0,400.0,0.78096133,225.0,388.0,0.28294376,201.0,379.0,0.7378371,201.0,378.0,0.46984118,252.0,425.0,0.63109875,245.0,419.0,0.50310373,202.0,442.0,0.67933786,200.0,430.0,0.54851997,232.0,494.0,0.82744956,222.0,465.0,0.40536568,6,squat_down,squat_down,0.9999929
image_1735391099949_android.graphics.Bitmap@ff286b8.jpeg,180.0,399.0,0.67837054,178.0,393.0,0.83283746,177.0,393.0,0.75033593,186.0,384.0,0.8671259,185.0,385.0,0.7726502,210.0,386.0,0.7948959,207.0,386.0,0.7585039,227.0,415.0,0.64379275,222.0,410.0,0.3121634,200.0,395.0,0.87523764,201.0,397.0,0.3622346,254.0,432.0,0.57288504,247.0,428.0,0.5542198,206.0,444.0,0.78439987,199.0,430.0,0.66144955,232.0,496.0,0.82495785,223.0,466.0,0.5429096,6,squat_down,squat_down,0.999999
image_1735391100281_android.graphics.Bitmap@4487f7.jpeg,181.0,400.0,0.7925712,179.0,395.0,0.8415039,179.0,395.0,0.8668029,186.0,386.0,0.7440933,185.0,386.0,0.6381624,209.0,386.0,0.83036804,209.0,386.0,0.784218,226.0,417.0,0.8937924,223.0,414.0,0.38812152,198.0,396.0,0.76710916,199.0,396.0,0.40944576,257.0,432.0,0.5194793,251.0,428.0,0.48374087,209.0,442.0,0.77945906,202.0,430.0,0.48745644,232.0,495.0,0.73174417,225.0,468.0,0.5907634,6,squat_down,squat_down,0.99999946
image_1735391100554_android.graphics.Bitmap@eecad82.jpeg,183.0,381.0,0.6821782,182.0,376.0,0.6296203,181.0,376.0,0.49631175,192.0,367.0,0.6932503,190.0,368.0,0.6602646,214.0,373.0,0.7317682,212.0,371.0,0.80209744,231.0,398.0,0.8354547,226.0,386.0,0.23859586,208.0,380.0,0.37949732,208.0,379.0,0.37945595,254.0,421.0,0.75723517,245.0,416.0,0.5759069,209.0,439.0,0.7905867,203.0,426.0,0.8266882,232.0,494.0,0.84734845,224.0,464.0,0.5059709,6,squat_down,squat_down,0.99997693
image_1735391100844_android.graphics.Bitmap@c404cc9.jpeg,198.0,324.0,0.59209406,198.0,318.0,0.63803136,197.0,319.0,0.5833553,209.0,311.0,0.78579015,208.0,312.0,0.53757644,222.0,320.0,0.72803694,220.0,322.0,0.5480194,240.0,341.0,0.77018976,234.0,337.0,0.34943694,225.0,328.0,0.1701091,221.0,324.0,0.3012978,250.0,384.0,0.90672505,243.0,383.0,0.71766996,217.0,433.0,0.8290235,211.0,427.0,0.64627755,232.0,495.0,0.8136295,224.0,472.0,0.52014756,6,squat_down,squat_up,0.61241645
image_1735391102638_android.graphics.Bitmap@1301df.jpeg,192.0,345.0,0.6867503,192.0,340.0,0.70981324,191.0,340.0,0.6661439,201.0,331.0,0.759134,200.0,333.0,0.66031677,220.0,338.0,0.7424327,217.0,338.0,0.69834095,234.0,357.0,0.7439157,230.0,353.0,0.24064347,218.0,347.0,0.24831893,218.0,342.0,0.31050137,252.0,395.0,0.8576955,248.0,394.0,0.6964654,212.0,432.0,0.79490036,211.0,429.0,0.5864993,231.0,493.0,0.7284908,225.0,472.0,0.5756351,6,squat_down,squat_down,0.868881
image_1735391102849_android.graphics.Bitmap@3b73e8a.jpeg,186.0,380.0,0.63850045,184.0,375.0,0.6029411,184.0,376.0,0.7898488,192.0,366.0,0.6023377,190.0,368.0,0.59574175,215.0,371.0,0.7623545,214.0,370.0,0.8059627,226.0,398.0,0.7798297,227.0,391.0,0.3809322,204.0,378.0,0.69452536,203.0,378.0,0.41093433,255.0,421.0,0.76152295,249.0,416.0,0.6541296,205.0,439.0,0.763641,205.0,430.0,0.5964507,232.0,494.0,0.81264204,228.0,467.0,0.75666094,6,squat_down,squat_down,0.9999879
image_1735391103037_android.graphics.Bitmap@2e2b771.jpeg,187.0,399.0,0.65691376,185.0,394.0,0.75066215,184.0,395.0,0.7667071,189.0,383.0,0.8001642,189.0,385.0,0.81379014,211.0,385.0,0.82977927,211.0,386.0,0.817072,219.0,418.0,0.9028312,221.0,416.0,0.49479476,196.0,396.0,0.9004199,197.0,396.0,0.31578216,258.0,434.0,0.78999853,255.0,429.0,0.66504395,205.0,441.0,0.53636277,203.0,435.0,0.45677754,232.0,495.0,0.72959316,228.0,472.0,0.7271887,6,squat_down,squat_down,0.9999997
image_1735391103251_android.graphics.Bitmap@233d6c4.jpeg,186.0,399.0,0.6318042,185.0,394.0,0.74165,185.0,395.0,0.68882316,190.0,383.0,0.7143903,189.0,385.0,0.67597055,212.0,386.0,0.66697884,213.0,387.0,0.7967025,218.0,418.0,0.8804742,220.0,416.0,0.47029528,196.0,396.0,0.8257518,197.0,397.0,0.31722873,257.0,434.0,0.4626338,258.0,430.0,0.6396855,207.0,439.0,0.3904663,206.0,436.0,0.5479826,233.0,495.0,0.6307027,227.0,473.0,0.46564358,6,squat_down,squat_down,0.9999997
image_1735391103474_android.graphics.Bitmap@516f073.jpeg,187.0,398.0,0.7316141,186.0,393.0,0.7843352,185.0,394.0,0.7531747,192.0,382.0,0.6998774,191.0,385.0,0.7293422,213.0,385.0,0.6890245,213.0,386.0,0.78934944,218.0,417.0,0.881565,220.0,415.0,0.47551736,197.0,394.0,0.8468945,197.0,395.0,0.3083677,259.0,433.0,0.6039119,258.0,429.0,0.5752268,207.0,437.0,0.5194601,207.0,436.0,0.50185406,232.0,495.0,0.7535188,227.0,472.0,0.5190219,6,squat_down,squat_down,0.9999997
image_1735391103698_android.graphics.Bitmap@f79d2e.jpeg,189.0,397.0,0.736238,187.0,392.0,0.7683931,187.0,393.0,0.82881486,193.0,381.0,0.66584647,192.0,383.0,0.67142165,211.0,385.0,0.8212869,214.0,386.0,0.7358234,217.0,416.0,0.85350585,219.0,414.0,0.46123287,196.0,393.0,0.833116,198.0,394.0,0.30231,258.0,431.0,0.6753396,257.0,426.0,0.5999378,207.0,436.0,0.5457338,208.0,434.0,0.43372232,232.0,494.0,0.7713554,228.0,472.0,0.6388332,6,squat_down,squat_down,0.99999946
image_1735391103922_android.graphics.Bitmap@cfa1165.jpeg,190.0,370.0,0.63005817,189.0,365.0,0.7690018,188.0,365.0,0.7061881,196.0,358.0,0.68871665,195.0,359.0,0.64190394,214.0,364.0,0.8005416,217.0,364.0,0.70085204,220.0,390.0,0.61126626,226.0,385.0,0.30782646,205.0,372.0,0.6720755,223.0,374.0,0.09037161,258.0,414.0,0.6913177,255.0,410.0,0.49300268,212.0,434.0,0.68615246,211.0,426.0,0.6485885,232.0,492.0,0.8166713,226.0,464.0,0.85360634,6,squat_down,squat_down,0.9999512
image_1735391104131_android.graphics.Bitmap@6e9a048.jpeg,194.0,335.0,0.6181156,195.0,329.0,0.62691027,194.0,330.0,0.46944457,205.0,325.0,0.77977407,203.0,326.0,0.52496225,219.0,334.0,0.6749277,220.0,334.0,0.6080565,227.0,352.0,0.65170896,227.0,350.0,0.27940103,211.0,334.0,0.54608345,211.0,334.0,0.38943163,254.0,391.0,0.81362915,250.0,390.0,0.80355173,216.0,432.0,0.5192448,214.0,424.0,0.5389347,231.0,494.0,0.73031235,224.0,468.0,0.77577376,6,squat_down,squat_down,0.8701772
image_1735391095149_android.graphics.Bitmap@a0f74d3.jpeg,199.0,289.0,0.44311622,194.0,284.0,0.36426777,199.0,283.0,0.37085873,200.0,271.0,0.48176822,213.0,270.0,0.19389127,217.0,285.0,0.5706576,243.0,289.0,0.5401768,222.0,316.0,0.58717597,255.0,330.0,0.4238517,190.0,327.0,0.56033576,237.0,349.0,0.077852264,223.0,376.0,0.47100484,245.0,374.0,0.5755515,211.0,451.0,0.35671896,237.0,430.0,0.5607513,207.0,534.0,0.56314814,244.0,484.0,0.6661594,7,squat_up,squat_up,0.95297676
image_1735391095347_android.graphics.Bitmap@8c3b50e.jpeg,209.0,293.0,0.5126468,208.0,288.0,0.55184823,207.0,289.0,0.30822727,219.0,280.0,0.7186069,216.0,282.0,0.14903589,239.0,298.0,0.5024607,238.0,297.0,0.50321746,243.0,323.0,0.60042703,243.0,324.0,0.26102754,213.0,305.0,0.5638994,213.0,306.0,0.11507417,233.0,381.0,0.5524068,239.0,379.0,0.46479395,212.0,444.0,0.44066545,237.0,432.0,0.5088266,207.0,525.0,0.46661004,248.0,487.0,0.64012384,7,squat_up,squat_up,0.99972785
image_1735391095578_android.graphics.Bitmap@a2f72c5.jpeg,217.0,290.0,0.5913513,218.0,283.0,0.6489748,214.0,286.0,0.5417837,230.0,277.0,0.41795683,222.0,285.0,0.14738402,247.0,298.0,0.4361073,242.0,300.0,0.38425678,254.0,317.0,0.4201857,253.0,320.0,0.26693144,235.0,296.0,0.3743907,223.0,334.0,0.057311747,237.0,379.0,0.543576,245.0,380.0,0.48904297,215.0,435.0,0.5995109,241.0,430.0,0.4133495,221.0,508.0,0.3840146,249.0,488.0,0.49267194,7,squat_up,squat_up,0.99940026
image_1735391095792_android.graphics.Bitmap@d09f928.jpeg,225.0,288.0,0.6918261,227.0,281.0,0.79051423,222.0,284.0,0.58660597,240.0,277.0,0.43029436,228.0,283.0,0.5239634,247.0,292.0,0.57967824,240.0,297.0,0.46979114,258.0,310.0,0.55023986,257.0,315.0,0.2474846,246.0,280.0,0.5840937,224.0,355.0,0.25287902,243.0,375.0,0.6409018,244.0,376.0,0.451629,219.0,431.0,0.7381966,242.0,430.0,0.6521868,233.0,496.0,0.5567391,248.0,489.0,0.5666627,7,squat_up,squat_up,0.99748397
image_1735391096002_android.graphics.Bitmap@a92b127.jpeg,226.0,284.0,0.56614983,229.0,277.0,0.546823,222.0,281.0,0.66882396,239.0,276.0,0.5964631,225.0,283.0,0.58517385,246.0,293.0,0.7488959,233.0,301.0,0.59323967,258.0,311.0,0.5369604,243.0,320.0,0.24943063,247.0,278.0,0.58726025,220.0,348.0,0.31813467,242.0,376.0,0.7059678,236.0,376.0,0.70900035,223.0,435.0,0.6887145,238.0,431.0,0.7145679,234.0,502.0,0.6610098,248.0,487.0,0.5064573,7,squat_up,squat_up,0.99850214
image_1735391096206_android.graphics.Bitmap@adf0c72.jpeg,224.0,286.0,0.45569968,228.0,279.0,0.65480757,222.0,283.0,0.638931,238.0,278.0,0.5780625,225.0,284.0,0.5543311,246.0,295.0,0.5486007,234.0,304.0,0.5530821,256.0,309.0,0.4935955,241.0,328.0,0.20942982,245.0,280.0,0.5482893,221.0,350.0,0.26014644,240.0,376.0,0.64865506,235.0,376.0,0.67820966,221.0,433.0,0.5789246,228.0,427.0,0.6385299,236.0,502.0,0.4189056,240.0,477.0,0.4550546,7,squat_up,squat_up,0.99629974
image_1735391096433_android.graphics.Bitmap@785ac79.jpeg,227.0,287.0,0.73219246,229.0,281.0,0.7880846,223.0,284.0,0.37610686,240.0,280.0,0.57151765,226.0,286.0,0.6234653,248.0,297.0,0.5805949,233.0,306.0,0.6304764,256.0,310.0,0.55570614,240.0,324.0,0.22545098,246.0,280.0,0.6090983,226.0,324.0,0.12003627,240.0,375.0,0.5991328,235.0,375.0,0.7213036,223.0,432.0,0.58836514,228.0,425.0,0.61756,237.0,502.0,0.600419,238.0,470.0,0.5774479,7,squat_up,squat_up,0.9724426
image_1735391096670_android.graphics.Bitmap@a44f56c.jpeg,224.0,297.0,0.7529243,226.0,291.0,0.6063732,222.0,293.0,0.7778119,238.0,287.0,0.695087,229.0,291.0,0.5156462,247.0,302.0,0.7229036,235.0,308.0,0.35681295,257.0,317.0,0.6526927,248.0,324.0,0.28149685,245.0,289.0,0.58105993,224.0,358.0,0.3141688,242.0,378.0,0.7126154,237.0,377.0,0.5506886,227.0,431.0,0.6670569,229.0,426.0,0.61791575,237.0,500.0,0.6553723,237.0,471.0,0.6219772,7,squat_up,squat_up,0.99635
image_1735391096880_android.graphics.Bitmap@3bcfd3b.jpeg,223.0,300.0,0.6851007,225.0,293.0,0.785738,220.0,296.0,0.5222664,235.0,289.0,0.7134445,225.0,293.0,0.4892752,244.0,303.0,0.7371547,235.0,309.0,0.44930598,258.0,318.0,0.6123953,254.0,321.0,0.27297136,245.0,291.0,0.588503,231.0,318.0,0.18883625,245.0,375.0,0.7228143,241.0,374.0,0.5349234,226.0,427.0,0.5785278,228.0,421.0,0.43383226,239.0,494.0,0.6992742,237.0,468.0,0.6087965,7,squat_up,squat_up,0.94524163
image_1735391097101_android.graphics.Bitmap@b698696.jpeg,219.0,301.0,0.79022515,220.0,294.0,0.6413487,215.0,298.0,0.56464744,229.0,288.0,0.69229436,219.0,296.0,0.6351164,243.0,305.0,0.49090052,231.0,313.0,0.6406013,259.0,317.0,0.6622188,248.0,322.0,0.24977033,241.0,291.0,0.5729819,227.0,359.0,0.24783133,246.0,376.0,0.70822203,239.0,376.0,0.73497546,228.0,428.0,0.6295599,228.0,424.0,0.5664973,238.0,495.0,0.6690918,237.0,472.0,0.6681644,7,squat_up,squat_up,0.99837077
image_1735391097326_android.graphics.Bitmap@eb477ed.jpeg,218.0,304.0,0.7968004,219.0,296.0,0.7758938,214.0,300.0,0.795725,228.0,291.0,0.5342014,218.0,298.0,0.69574654,243.0,304.0,0.7632518,229.0,315.0,0.67016846,259.0,319.0,0.69928694,249.0,325.0,0.24068618,240.0,292.0,0.55816185,231.0,359.0,0.2053564,243.0,376.0,0.7781752,236.0,375.0,0.750605,226.0,429.0,0.72267354,224.0,422.0,0.56436455,237.0,493.0,0.6486954,232.0,467.0,0.4718744,7,squat_up,squat_up,0.9956429
image_1735391097507_android.graphics.Bitmap@367fe70.jpeg,219.0,308.0,0.67849064,220.0,300.0,0.79979,216.0,303.0,0.6582194,230.0,293.0,0.67719734,220.0,299.0,0.58428997,242.0,306.0,0.6315305,231.0,314.0,0.57102257,257.0,323.0,0.70890623,249.0,327.0,0.37149236,241.0,296.0,0.5418686,225.0,360.0,0.28915468,242.0,378.0,0.7627034,235.0,377.0,0.75302666,224.0,432.0,0.5763643,223.0,427.0,0.49437326,238.0,493.0,0.61239505,231.0,473.0,0.5695195,7,squat_up,squat_up,0.9924901
image_1735391097825_android.graphics.Bitmap@b154d0f.jpeg,215.0,304.0,0.7501954,217.0,297.0,0.5849162,213.0,299.0,0.78715,228.0,291.0,0.7489259,220.0,294.0,0.45225427,241.0,304.0,0.6523161,227.0,313.0,0.68726873,257.0,322.0,0.56129336,230.0,340.0,0.39919743,241.0,295.0,0.5660887,221.0,357.0,0.23914725,240.0,375.0,0.7416419,233.0,376.0,0.71717596,222.0,431.0,0.76715606,222.0,426.0,0.65690964,237.0,493.0,0.5151691,231.0,472.0,0.68146944,7,squat_up,squat_up,0.99184036
image_1735391098106_android.graphics.Bitmap@1fda77a.jpeg,213.0,302.0,0.59428906,215.0,297.0,0.7641503,213.0,297.0,0.610788,226.0,292.0,0.7730406,223.0,294.0,0.53291893,240.0,307.0,0.53690445,229.0,313.0,0.63349235,250.0,320.0,0.66709566,246.0,321.0,0.20786393,234.0,296.0,0.60438025,232.0,299.0,0.27885553,240.0,377.0,0.5682621,235.0,376.0,0.6864051,222.0,432.0,0.6923822,221.0,425.0,0.5146626,237.0,493.0,0.63520944,229.0,471.0,0.50043917,7,squat_up,squat_up,0.9975786
image_1735391098385_android.graphics.Bitmap@ceb2921.jpeg,214.0,303.0,0.5682492,215.0,297.0,0.7612938,213.0,297.0,0.6365938,225.0,292.0,0.65985835,223.0,293.0,0.56173146,240.0,306.0,0.55404085,232.0,310.0,0.51899016,249.0,320.0,0.68510157,244.0,323.0,0.32170478,233.0,296.0,0.5264649,220.0,361.0,0.23917232,239.0,377.0,0.81200707,235.0,376.0,0.771975,222.0,431.0,0.6285543,221.0,425.0,0.49972135,237.0,493.0,0.54435277,230.0,471.0,0.5393081,7,squat_up,squat_up,0.9999921
image_1735391098665_android.graphics.Bitmap@997834.jpeg,211.0,306.0,0.6428721,211.0,301.0,0.5997642,210.0,301.0,0.7152426,221.0,295.0,0.7213441,218.0,295.0,0.47106865,233.0,308.0,0.5735076,228.0,310.0,0.3778611,247.0,322.0,0.7697667,245.0,322.0,0.3635546,230.0,297.0,0.53951776,229.0,298.0,0.27550378,241.0,377.0,0.81829625,238.0,377.0,0.78862834,222.0,432.0,0.8004095,221.0,427.0,0.69299525,237.0,495.0,0.6776544,231.0,472.0,0.56777275,7,squat_up,squat_up,0.9967544
image_1735391098901_android.graphics.Bitmap@93054a3.jpeg,202.0,315.0,0.5735545,201.0,309.0,0.5662621,201.0,310.0,0.57161164,210.0,302.0,0.5017661,209.0,304.0,0.7191173,225.0,312.0,0.77360386,225.0,314.0,0.69260496,241.0,330.0,0.74078256,241.0,329.0,0.4129247,220.0,310.0,0.5176929,220.0,309.0,0.36884826,246.0,379.0,0.8958662,242.0,377.0,0.75263965,219.0,431.0,0.8028612,218.0,423.0,0.46802276,236.0,495.0,0.7167765,231.0,467.0,0.69887,7,squat_up,squat_up,0.9998855
image_1735391099263_android.graphics.Bitmap@7eeb31e.jpeg,192.0,341.0,0.6483997,192.0,336.0,0.74841595,191.0,337.0,0.7251006,201.0,328.0,0.82708275,199.0,330.0,0.61683005,220.0,337.0,0.68892777,215.0,340.0,0.631809,231.0,359.0,0.8179604,229.0,358.0,0.50049317,211.0,336.0,0.5731398,210.0,336.0,0.4328618,250.0,396.0,0.85082793,244.0,395.0,0.7651904,213.0,434.0,0.8664454,208.0,432.0,0.6331662,233.0,495.0,0.76836926,226.0,472.0,0.6965734,7,squat_up,squat_down,0.7946902
image_1735391101131_android.graphics.Bitmap@7030dfc.jpeg,210.0,303.0,0.6736759,210.0,296.0,0.47228554,209.0,298.0,0.70913917,219.0,290.0,0.8130778,216.0,292.0,0.6077832,233.0,301.0,0.63527095,225.0,308.0,0.3734425,245.0,312.0,0.6146977,241.0,314.0,0.32821357,230.0,287.0,0.57642066,230.0,287.0,0.30823725,239.0,371.0,0.8444828,236.0,370.0,0.5668744,232.0,428.0,0.76520514,230.0,423.0,0.6100683,233.0,493.0,0.62007964,230.0,465.0,0.40005758,7,squat_up,squat_up,0.99987364
image_1735391101432_android.graphics.Bitmap@e7e1b0b.jpeg,213.0,300.0,0.5978106,214.0,294.0,0.5349644,212.0,296.0,0.7070485,224.0,289.0,0.8006845,221.0,291.0,0.538496,237.0,302.0,0.6167849,231.0,306.0,0.4311552,244.0,313.0,0.53402174,243.0,314.0,0.39452502,232.0,286.0,0.5427177,232.0,286.0,0.21959186,236.0,372.0,0.6232345,232.0,371.0,0.7133608,231.0,434.0,0.60255086,230.0,429.0,0.4857923,232.0,494.0,0.6882387,230.0,468.0,0.39276442,7,squat_up,squat_up,0.99950486
image_1735391101892_android.graphics.Bitmap@6685aa6.jpeg,213.0,301.0,0.7128669,213.0,295.0,0.40658656,211.0,296.0,0.7331408,223.0,289.0,0.7733661,219.0,291.0,0.44075313,237.0,303.0,0.61363566,230.0,307.0,0.40009353,245.0,312.0,0.58094037,243.0,314.0,0.33705953,232.0,286.0,0.5633469,231.0,286.0,0.2329806,236.0,372.0,0.5845752,232.0,372.0,0.6920819,232.0,433.0,0.63918877,230.0,428.0,0.57302165,233.0,494.0,0.60623753,231.0,465.0,0.35779136,7,squat_up,squat_up,0.9998412
image_1735391102121_android.graphics.Bitmap@46c273d.jpeg,212.0,301.0,0.5208406,213.0,294.0,0.77249825,210.0,296.0,0.57898116,222.0,290.0,0.66246015,218.0,291.0,0.36800492,236.0,303.0,0.5613705,229.0,306.0,0.470746,244.0,311.0,0.61528265,242.0,314.0,0.3339335,231.0,287.0,0.6761025,230.0,287.0,0.26485085,237.0,372.0,0.6559012,233.0,371.0,0.56440604,230.0,432.0,0.75352854,227.0,424.0,0.46649262,232.0,495.0,0.71978587,229.0,469.0,0.43449596,7,squat_up,squat_up,0.99969125
image_1735391102395_android.graphics.Bitmap@d15b200.jpeg,204.0,308.0,0.69788074,203.0,302.0,0.6659676,202.0,303.0,0.7443994,213.0,295.0,0.6423788,212.0,298.0,0.5893239,227.0,306.0,0.677047,225.0,308.0,0.48039284,241.0,317.0,0.7115454,239.0,317.0,0.51849794,223.0,295.0,0.57617724,224.0,296.0,0.36991635,245.0,374.0,0.7798877,242.0,373.0,0.6267297,223.0,432.0,0.67797804,223.0,425.0,0.5171683,233.0,495.0,0.65251845,232.0,467.0,0.52226007,7,squat_up,squat_up,0.9997743
image_1735391104340_android.graphics.Bitmap@f0f5ac7.jpeg,201.0,302.0,0.51277757,203.0,297.0,0.7576426,201.0,298.0,0.5123192,213.0,293.0,0.5567295,210.0,295.0,0.550544,223.0,305.0,0.6624637,222.0,307.0,0.6235008,235.0,321.0,0.70325315,234.0,322.0,0.51208746,218.0,299.0,0.52050215,218.0,299.0,0.3835865,244.0,372.0,0.8455794,241.0,372.0,0.67271256,228.0,429.0,0.6493728,224.0,423.0,0.5728135,233.0,491.0,0.6963502,231.0,467.0,0.61712766,7,squat_up,squat_up,0.9998735
image_1735391104556_android.graphics.Bitmap@6b47a92.jpeg,209.0,295.0,0.74509174,212.0,290.0,0.6756067,207.0,292.0,0.49349734,221.0,288.0,0.46659547,210.0,292.0,0.37957212,230.0,302.0,0.70276874,225.0,305.0,0.5117527,235.0,317.0,0.53290033,233.0,318.0,0.4207869,224.0,293.0,0.5214392,223.0,293.0,0.2773316,234.0,371.0,0.7878214,231.0,370.0,0.68645656,224.0,428.0,0.73078597,223.0,425.0,0.5886275,232.0,492.0,0.714705,230.0,471.0,0.66519755,7,squat_up,squat_up,0.9990896
image_1735391104766_android.graphics.Bitmap@7ec0919.jpeg,209.0,292.0,0.50750154,212.0,287.0,0.6415384,208.0,289.0,0.60935974,222.0,284.0,0.5620935,212.0,288.0,0.35538146,232.0,298.0,0.65434235,219.0,306.0,0.47721085,234.0,320.0,0.41354117,223.0,328.0,0.26770017,216.0,300.0,0.539273,207.0,318.0,0.2795581,229.0,370.0,0.57947767,224.0,370.0,0.67272055,222.0,429.0,0.7336714,221.0,424.0,0.4594284,232.0,491.0,0.516238,227.0,468.0,0.552554,7,squat_up,squat_up,0.9999943
